tm,stnId,stnNm,avgTa,minTa,maxTa,sumRn,avgWs,maxWs,maxWsWd,maxInsWs,maxInsWsWd,avgRhm,minRhm,minRhmHrmt,avgCm10Te,avgCm20Te,avgCm30Te,avgCm5Te,avgLmac,avgM05Te,avgM10Te,avgM15Te,avgM30Te,avgM50Te,avgPa,avgPs,avgPv,avgTca,avgTd,avgTs,ddMefs,ddMefsHrmt,ddMes,ddMesHrmt,hr1MaxIcsr,hr1MaxIcsrHrmt,hr1MaxRn,hr1MaxRnHrmt,hr24SumRws,iscs,maxInsWsHrmt,maxPs,maxPsHrmt,maxTaHrmt,maxWd,maxWsHrmt,mi10MaxRn,mi10MaxRnHrmt,minPs,minPsHrmt,minTaHrmt,minTg,n99Rn,ssDur,sumDpthFhsc,sumFogDur,sumGsr,sumLrgEv,sumRnDur,sumSmlEv,sumSsHr
2025-09-01,211,인제,25.0,22.3,27.8,36.2,1.9,4.3,180,9.6,320,85.1,74,1152,,,,,5.0,,,,,,982.8,1005.5,26.6,8.5,22.1,26.0,,,,,,,29.6,1850,1625,,1853,1007.6,0003,1149,200,1026,15.3,1853,1003.2,1557,2400,21.7,,13.0,,,,,,,0.3
2025-09-02,211,인제,23.9,19.9,29.6,,0.9,2.6,250,4.4,200,80.4,49,1530,,,,,1.4,,,,,,986.6,1009.5,23.2,2.9,19.9,27.9,,,,,,,,,772,,1324,1012.8,2354,1529,360,1451,,,1006.8,0041,2337,17.9,,13.0,,,,,,,7.6
2025-09-03,211,인제,24.2,19.4,31.2,,1.5,3.4,50,6.3,360,77.1,47,1310,,,,,2.5,,,,,,989.4,1012.4,22.6,5.5,19.5,27.0,,,,,,,,,1313,,1456,1014.3,0753,1426,50,1418,,,1009.6,1524,0049,17.7,,12.9,,,,,,,7.0
2025-09-04,211,인제,21.4,19.2,26.2,43.1,1.7,3.6,50,7.2,20,88.3,70,1554,,,,,4.5,,,,,,989.2,1012.4,22.3,7.5,19.3,24.1,,,,,,,21.5,636,1477,,1427,1014.5,0944,1552,50,1337,6.2,638,1010.4,1541,2354,18.0,,12.9,,,,,,,1.6
2025-09-05,211,인제,23.8,17.9,31.4,,0.9,2.5,50,4.5,20,80.1,50,1546,,,,,1.8,,,,,,987.9,1010.9,23.1,3.4,19.8,26.9,,,,,,,,,810,,0101,1012.9,0803,1546,180,0002,,,1008.5,1453,0553,16.1,,12.9,,,,,,,9.3
2025-09-06,211,인제,24.2,21.7,26.7,10.1,1.4,4.4,200,9.3,180,90.9,78,0951,,,,,6.5,,,,,,984.5,1007.4,27.2,8.1,22.5,26.0,,,,,,,4.7,1543,1201,,1109,1010.6,0001,1410,200,1020,1.8,1627,1005.0,2400,0545,20.3,,12.8,,,,,,,0.0
2025-09-07,211,인제,24.2,18.7,29.3,6.9,1.6,3.7,200,7.3,200,78.3,49,1437,,,,,2.9,,,,,,984.5,1007.3,23.2,6.4,19.7,26.9,,,,,,,4.0,159,1396,,1151,1010.9,2352,1306,180,1153,1.2,250,1004.4,0301,2354,16.1,,12.8,,,,,,,3.3
2025-09-08,211,인제,22.2,18.8,28.2,0.0,0.8,2.2,180,4.4,140,80.0,51,1351,,,,,3.9,,,,,,988.1,1011.2,20.9,8.0,18.2,26.3,,,,,,,0.0,,699,,1255,1013.0,0930,1533,180,1302,0.0,,1008.9,1556,0004,18.5,,12.7,,,,,,,4.5
2025-09-09,211,인제,19.9,14.7,24.4,0.0,1.0,2.1,20,3.6,360,83.6,54,1343,,,,,1.0,,,,,,990.4,1013.7,19.2,8.1,16.8,22.9,,,,,,,0.0,,849,,1435,1015.6,2336,1342,70,0037,0.0,,1012.2,0022,2348,12.3,,12.7,,,,,,,0.0
2025-09-10,211,인제,18.7,11.3,29.5,,1.7,3.1,50,5.6,50,69.9,28,1426,,,,,0.1,,,,,,991.5,1015.0,14.1,0.1,12.0,22.4,,,,,,,,,1479,,1438,1017.4,2339,1505,20,1437,,,1011.8,1413,0614,9.5,,12.6,,,,,,,9.5
2025-09-11,211,인제,20.0,12.2,29.2,,1.6,3.5,20,7.1,50,73.9,44,1539,,,,,0.0,,,,,,994.6,1018.1,16.8,1.5,14.6,23.6,,,,,,,,,1361,,1429,1020.6,0747,1359,20,1428,,,1015.2,1529,0605,10.0,,12.6,,,,,,,9.6
2025-09-12,211,인제,20.6,16.3,27.4,3.7,1.4,3.0,50,5.2,20,80.9,49,1222,,,,,3.5,,,,,,991.9,1015.2,19.1,9.0,16.7,23.2,,,,,,,1.5,2324,1182,,0452,1019.0,0054,1314,50,0546,0.5,2214,1010.8,2400,0318,13.3,,12.6,,,,,,,0.8
2025-09-13,211,인제,19.7,17.8,22.6,67.1,2.2,4.2,20,9.8,20,87.1,70,1517,,,,,4.9,,,,,,985.3,1008.5,19.8,9.3,17.4,22.2,,,,,,,15.5,203,1938,,0708,1011.4,2237,1435,20,1447,4.7,515,1005.6,0704,2354,16.6,,12.5,,,,,,,0.0
2025-09-14,211,인제,21.1,17.3,26.6,,1.0,2.8,200,5.5,160,83.8,61,1616,,,,,2.6,,,,,,988.9,1012.1,20.7,5.6,18.0,23.9,,,,,,,,,833,,1619,1014.7,2352,1543,200,1513,,,1010.1,1545,0106,15.8,,12.5,,,,,,,2.5
2025-09-15,211,인제,22.1,18.3,28.6,,0.7,2.1,200,3.7,160,84.0,52,1419,,,,,2.6,,,,,,992.4,1015.7,21.8,4.8,18.9,25.7,,,,,,,,,578,,1048,1017.2,0759,1609,180,1112,,,1013.4,1528,0307,16.2,,12.5,,,,,,,5.2
2025-09-16,211,인제,22.6,19.4,26.8,6.3,1.1,3.4,180,6.4,180,87.3,67,1202,,,,,5.0,,,,,,989.5,1012.6,23.7,7.6,20.2,24.8,,,,,,,5.1,1518,971,,2101,1016.1,0008,1238,180,2107,1.1,1614,1008.8,1651,0454,19.2,,12.4,,,,,,,1.1
2025-09-17,211,인제,19.8,17.8,21.8,86.2,1.3,6.0,20,11.9,20,94.6,86,1457,,,,,8.3,,,,,,987.7,1011.1,21.9,9.4,18.9,22.5,,,,,,,37.4,1109,1143,,1249,1013.0,2239,0047,50,1251,11.4,956,1009.2,1429,2336,17.4,,12.4,,,,,,,0.0
2025-09-18,211,인제,18.0,14.2,21.7,,1.8,4.6,20,10.1,20,78.9,57,1212,,,,,5.8,,,,,,994.3,1017.9,16.0,7.5,14.0,19.8,,,,,,,,,1596,,0700,1021.1,2155,1222,20,0749,,,1012.6,0104,2333,11.8,,12.3,,,,,,,0.3
2025-09-19,211,인제,16.8,13.7,21.9,8.3,1.1,2.8,50,5.2,20,88.6,60,1212,,,,,6.1,,,,,,994.4,1018.1,16.8,9.8,14.8,19.8,,,,,,,3.9,2328,950,,1316,1021.3,0634,1212,20,1341,0.8,2324,1013.6,2400,0314,11.4,,12.3,,,,,,,0.4
2025-09-20,211,인제,17.0,14.8,20.0,40.7,1.5,3.8,20,8.3,50,89.8,74,1350,,,,,7.3,,,,,,987.2,1010.7,17.2,9.0,15.2,20.1,,,,,,,9.3,42,1289,,1352,1014.9,2355,1452,50,1415,2.4,47,1007.6,0726,0335,14.3,,12.3,,,,,,,0.0
2025-09-21,211,인제,17.6,11.8,24.1,,1.7,3.9,20,7.8,50,75.0,44,1452,,,,,1.8,,,,,,995.4,1019.1,14.6,4.1,12.5,21.3,,,,,,,,,1470,,1637,1023.9,2344,1432,20,1229,,,1014.8,0001,2350,9.1,,12.2,,,,,,,8.2
2025-09-22,211,인제,16.0,10.1,23.3,,1.5,3.1,50,5.7,20,78.8,52,1435,,,,,6.5,,,,,,999.0,1022.9,14.2,9.6,12.0,18.7,,,,,,,,,1281,,1411,1025.2,0532,1402,50,0356,,,1020.1,1602,0436,8.6,,12.2,,,,,,,0.9
2025-09-23,211,인제,18.9,13.8,25.0,,1.6,3.5,70,7.1,20,68.9,27,1257,,,,,5.9,,,,,,997.0,1020.6,14.3,7.3,12.2,21.4,,,,,,,,,1401,,1623,1023.2,0712,1255,20,1409,,,1018.4,1458,0607,12.5,,12.1,,,,,,,7.6
2025-09-24,211,인제,20.1,16.3,23.1,10.1,1.4,3.5,180,8.1,200,86.1,72,1015,,,,,6.5,,,,,,990.7,1014.0,20.2,9.4,17.5,21.5,,,,,,,6.1,1503,1219,,2053,1019.0,0001,1354,180,2058,2.2,1535,1011.2,1454,0358,15.3,,12.1,,,,,,,0.0
2025-09-25,211,인제,20.2,16.3,25.3,0.0,1.1,3.7,200,7.2,200,85.4,52,1545,,,,,2.1,,,,,,994.0,1017.4,20.0,5.6,17.4,23.1,,,,,,,0.0,,985,,1614,1019.8,2123,1505,200,1521,0.0,,1013.7,0001,2357,12.5,,12.1,,,,,,,4.8
2025-09-26,211,인제,18.6,15.0,26.1,,1.0,2.3,200,3.7,180,82.1,50,1507,,,,,2.6,,,,,,996.3,1019.9,17.2,4.1,15.1,22.1,,,,,,,,,875,,1447,1021.9,0900,1538,360,1451,,,1017.1,1502,2329,13.1,,12.0,,,,,,,5.8
2025-09-27,211,인제,18.3,13.6,26.1,,1.3,2.4,90,4.7,70,80.1,51,1449,,,,,1.0,,,,,,995.0,1018.6,16.5,3.8,14.4,21.1,,,,,,,,,1081,,1215,1021.7,0648,1537,20,1217,,,1015.9,1513,0658,12.0,,12.0,,,,,,,6.3
2025-09-28,211,인제,17.2,15.4,19.5,22.1,0.8,2.0,360,3.9,320,91.8,81,1621,,,,,7.3,,,,,,987.5,1011.1,17.9,8.3,15.7,19.7,,,,,,,8.4,1015,651,,1210,1016.4,0001,1605,230,1211,1.7,1045,1008.3,1601,0651,13.2,,11.9,,,,,,,0.0
2025-09-29,211,인제,17.6,13.1,24.6,,0.8,2.1,360,4.2,320,81.5,45,1526,,,,,2.8,,,,,,989.6,1013.1,16.0,4.9,14.0,20.6,,,,,,,,,693,,1825,1015.5,2332,1531,340,2009,,,1010.8,0005,2359,10.3,,11.9,,,,,,,5.0
2025-09-30,211,인제,16.3,12.5,23.2,,1.0,2.3,200,4.8,200,85.0,61,1528,,,,,3.3,,,,,,990.1,1013.8,15.7,5.6,13.6,20.4,,,,,,,,,856,,1528,1016.1,0752,1458,20,1353,,,1010.8,1513,0531,10.3,,11.8,,,,,,,1.7
2025-10-01,211,인제,18.3,15.4,23.2,,1.0,3.4,200,6.9,110,82.0,55,1332,,,,,3.0,,,,,,990.7,1014.2,16.9,5.8,14.8,21.1,,,,,,,,,825,,1330,1016.5,2237,1230,200,1359,,,1012.1,1523,2400,12.2,,11.8,,,,,,,3.6
2025-10-02,211,인제,18.7,14.8,26.7,,0.9,1.8,50,3.7,20,80.3,44,1453,,,,,2.5,,,,,,994.9,1018.5,16.7,6.4,14.7,21.4,,,,,,,,,764,,1459,1020.8,2339,1451,50,1500,,,1016.1,1442,0057,12.2,,11.8,,,,,,,5.0
2025-10-03,211,인제,18.4,14.4,23.4,0.0,1.7,3.6,50,7.2,20,80.1,58,1457,,,,,3.6,,,,,,994.5,1018.1,16.7,8.5,14.6,19.8,,,,,,,0.0,,1449,,1216,1020.9,0749,1329,50,1224,0.0,,1015.8,2400,0539,13.2,,11.7,,,,,,,0.5
2025-10-04,211,인제,19.7,17.1,24.0,0.1,1.8,3.6,20,7.5,20,82.0,65,1541,,,,,5.1,,,,,,991.4,1014.8,18.6,7.6,16.4,21.6,,,,,,,0.1,,1564,,1430,1016.1,0012,1613,50,1542,0.1,,1013.1,1419,0653,16.0,,11.7,,,,,,,1.1
2025-10-05,211,인제,18.8,16.5,23.6,1.1,0.9,2.2,20,4.2,20,89.5,68,1325,,,,,5.0,,,,,,991.7,1015.2,19.3,10.0,16.9,20.9,,,,,,,0.7,1529,800,,0422,1016.6,0905,1303,20,1704,0.7,1619,1012.8,1341,0416,15.3,,11.7,,,,,,,0.2
2025-10-06,211,인제,15.8,13.9,18.3,20.4,2.3,4.3,20,9.1,20,88.0,78,1203,,,,,7.4,,,,,,995.2,1019.1,15.8,10.0,13.7,18.2,,,,,,,4.5,1813,2023,,2336,1020.9,1939,0001,50,0441,1.0,1853,1015.9,0001,1848,13.4,,11.6,,,,,,,0.0
2025-10-07,211,인제,16.7,14.9,18.7,7.0,1.9,3.1,50,6.8,50,93.9,87,1449,,,,,6.5,,,,,,993.7,1017.4,17.7,9.6,15.6,18.6,,,,,,,1.4,606,1650,,0042,1019.3,0002,1450,50,0002,0.5,231,1015.3,1600,0240,14.5,,11.6,,,,,,,0.0
2025-10-08,211,인제,19.3,15.9,25.5,,1.0,3.0,50,5.5,90,78.3,48,1444,,,,,4.4,,,,,,994.3,1017.8,17.0,5.8,15.0,21.2,,,,,,,,,904,,1508,1020.2,2346,1425,20,1455,,,1015.0,1518,0438,14.1,,11.5,,,,,,,8.3
2025-10-09,211,인제,16.0,13.7,17.8,1.0,2.6,5.4,20,10.9,20,79.0,68,1133,,,,,9.5,,,,,,997.8,1021.7,14.3,9.8,12.2,18.1,,,,,,,0.6,2212,2275,,0946,1023.3,0913,1130,20,0947,0.2,,1020.0,0001,2250,13.2,,11.5,,,,,,,0.0
2025-10-10,211,인제,14.9,13.7,16.6,25.4,1.4,2.8,50,4.9,50,95.9,94,1207,,,,,6.3,,,,,,995.4,1019.3,16.3,10.0,14.2,17.6,,,,,,,2.5,1044,1180,,2306,1022.2,0001,1606,50,2316,0.6,1012,875.0,1617,0001,13.5,,11.4,,,,,,,0.0
2025-10-11,211,인제,16.4,14.0,18.6,22.6,0.6,3.0,70,5.1,50,97.8,95,0001,,,,,7.8,,,,,,989.0,1012.7,18.3,9.5,16.0,18.1,,,,,,,4.7,2224,501,,0038,1018.0,0001,2324,50,0037,2.0,2300,1010.0,1943,0440,13.9,,11.4,,,,,,,0.0
2025-10-12,211,인제,16.8,15.5,18.6,,1.8,4.0,50,7.9,20,85.0,76,1016,,,,,8.9,,,,,,991.4,1015.1,16.2,9.5,14.2,17.9,,,,,,,,,1561,,0933,1017.6,2226,0042,50,0937,,,1010.1,0024,2320,14.8,,11.4,,,,,,,0.0
2025-10-13,211,인제,12.8,11.7,15.5,26.1,2.2,4.0,20,9.3,50,92.4,85,1220,,,,,8.0,,,,,,994.1,1018.2,13.6,10.0,11.5,15.1,,,,,,,4.3,1511,1901,,1311,1019.6,2120,0001,50,1314,1.2,1631,1016.4,0352,2141,11.5,,11.3,,,,,,,0.0
2025-10-14,211,인제,15.3,12.0,18.2,0.1,2.7,4.4,20,9.7,20,84.4,72,1347,,,,,7.6,,,,,,995.9,1019.8,14.6,7.6,12.5,16.2,,,,,,,0.1,,2304,,1203,1022.8,2222,1344,50,1137,0.1,,1018.0,0404,0001,11.7,,11.3,,,,,,,0.0
2025-10-15,211,인제,16.5,12.4,21.6,2.2,1.4,3.7,20,8.3,20,84.4,60,1052,,,,,4.6,,,,,,996.9,1020.7,15.6,6.6,13.6,18.8,,,,,,,1.5,1942,1250,,1157,1023.5,0833,1236,20,1126,0.5,1948,1018.1,2320,0504,8.5,,11.2,,,,,,,2.7
2025-10-16,211,인제,16.9,13.7,21.1,3.3,2.2,5.5,20,11.1,50,83.5,64,1201,,,,,4.8,,,,,,996.8,1020.6,15.8,6.4,13.8,18.6,,,,,,,2.1,18,1933,,1642,1025.3,2144,1159,50,1227,0.5,21,1016.5,0437,2357,10.7,,11.2,,,,,,,1.1
2025-10-17,211,인제,16.9,13.3,21.7,5.5,1.2,3.1,50,5.0,50,83.1,62,1254,,,,,5.4,,,,,,998.1,1021.9,15.8,6.6,13.7,18.9,,,,,,,2.5,2151,1062,,1203,1026.5,0838,1517,50,1207,0.8,2158,1017.5,2341,0700,11.1,,11.2,,,,,,,3.5
2025-10-18,211,인제,14.7,12.4,17.2,8.9,1.6,5.0,20,8.3,20,85.4,73,1526,,,,,8.0,,,,,,996.5,1020.5,14.3,9.3,12.2,17.0,,,,,,,2.1,342,1373,,1317,1025.6,2318,1147,50,1322,0.6,352,1015.9,0319,2355,10.8,,11.1,,,,,,,0.0
2025-10-19,211,인제,13.6,10.0,19.9,,1.0,3.4,230,8.6,230,80.5,49,1421,,,,,2.9,,,,,,999.4,1023.6,12.3,4.9,10.0,16.1,,,,,,,,,907,,1420,1025.7,0135,1349,360,1427,,,1019.9,1410,2332,5.4,,11.1,,,,,,,4.3
2025-10-20,211,인제,10.3,8.4,11.9,,2.6,5.3,20,10.9,20,75.5,64,1052,,,,,6.6,,,,,,1003.7,1028.3,9.4,7.4,6.1,13.0,,,,,,,,,2233,,0422,1029.8,2125,1051,50,0605,,,1025.0,0001,2239,5.2,,11.0,,,,,,,0.1
2025-10-21,211,인제,9.9,6.7,14.5,,1.5,4.2,50,7.9,70,81.5,60,1323,,,,,2.5,,,,,,1005.2,1029.8,9.7,5.1,6.6,12.9,,,,,,,,,1273,,1313,1031.4,2241,1413,50,1317,,,1027.3,1406,0658,3.5,,11.0,,,,,,,4.6
2025-10-22,211,인제,10.7,5.4,15.6,,2.4,4.9,20,9.3,20,80.6,60,1332,,,,,3.9,,,,,,1005.5,1030.1,10.2,5.1,7.3,13.0,,,,,,,,,2057,,1517,1031.9,0802,1330,50,1406,,,1028.2,1426,0407,2.2,,11.0,,,,,,,3.4
2025-10-23,211,인제,12.7,9.6,18.7,0.0,2.4,5.3,20,10.4,20,76.1,50,1303,,,,,4.1,,,,,,1004.3,1028.7,11.0,6.1,8.3,14.4,,,,,,,0.0,,2033,,1909,1030.1,0158,1237,20,1536,0.0,,1025.9,1338,0652,7.1,,10.9,,,,,,,5.1
2025-10-24,211,인제,12.4,8.6,16.7,0.0,1.9,4.2,20,8.4,20,78.1,57,1433,,,,,4.1,,,,,,1002.8,1027.2,11.1,5.4,8.5,14.7,,,,,,,0.0,,1664,,1144,1030.1,0104,1500,20,1158,0.0,,1024.9,1530,0300,4.6,,10.9,,,,,,,1.6
2025-10-25,211,인제,12.2,8.3,18.3,0.0,0.9,2.7,160,5.5,200,80.9,50,1419,,,,,5.4,,,,,,997.4,1021.6,11.2,7.6,8.6,15.1,,,,,,,0.0,,817,,1232,1025.1,0001,1314,360,1151,0.0,,1018.5,1547,0317,4.5,,10.9,,,,,,,4.8
2025-10-26,211,인제,11.3,8.2,15.4,0.1,1.3,3.3,200,6.9,230,74.0,34,1210,,,,,4.8,,,,,,993.3,1017.5,9.6,6.5,6.2,13.4,,,,,,,0.1,,1155,,1221,1020.8,0006,1127,180,1226,0.1,,1015.9,1539,2153,3.9,,10.8,,,,,,,0.9
2025-10-27,211,인제,6.5,1.4,10.8,0.0,1.8,4.7,160,11.9,180,44.9,20,1403,,,,,0.1,,,,,,995.8,1020.6,4.1,0.3,-5.8,10.0,,,,,,,,,1515,,1132,1024.8,2349,0042,200,1144,,,1015.9,0002,2359,-5.1,,10.8,,,,,,,8.1
2025-10-28,211,인제,4.4,-2.2,12.5,,1.0,3.7,230,7.6,230,61.4,22,1311,,,,,0.0,,,,,,1002.9,1028.0,4.8,0.0,-3.5,7.2,,,,,,,,,870,,1639,1031.3,2356,1422,200,1406,,,1024.8,0001,0603,-8.8,,10.7,,,,,,,7.9
2025-10-29,211,인제,7.2,0.2,15.5,,0.6,2.4,180,4.8,230,73.6,40,1227,,,,,2.3,,,,,,1004.9,1029.8,7.3,2.4,2.2,9.7,,,,,,,,,554,,1350,1033.0,0726,1327,50,1350,,,1026.8,1506,0322,-4.5,,10.7,,,,,,,5.5
2025-10-30,211,인제,8.8,2.4,17.7,,0.8,2.9,180,6.9,180,75.3,35,1506,,,,,0.9,,,,,,1001.4,1026.1,8.0,5.6,3.7,11.5,,,,,,,,,690,,1556,1029.4,0224,1516,360,1558,,,1022.6,1536,0457,-2.3,,10.7,,,,,,,5.8
2025-10-31,211,인제,11.1,4.8,18.4,0.0,0.8,2.1,70,3.6,90,77.9,49,1337,,,,,7.3,,,,,,993.3,1017.5,10.1,8.0,6.9,13.0,,,,,,,0.0,,674,,1209,1024.9,0001,1436,20,1210,0.0,,1012.4,2354,0532,0.0,,10.6,,,,,,,3.4
2025-11-01,211,인제,11.8,8.6,16.1,2.9,1.5,4.6,230,10.0,230,63.9,31,1432,,,,,4.9,,,,,,987.3,1011.4,8.5,5.9,4.3,12.8,,,,,,,,,1266,,1441,1013.1,2223,1402,200,1436,,,1009.5,1457,2241,5.2,,10.6,,,,,,,4.4
2025-11-02,211,인제,6.7,1.4,11.0,0.0,1.8,4.7,230,10.7,230,57.6,31,1510,,,,,0.9,,,,,,993.2,1017.9,5.5,2.8,-1.8,8.1,,,,,,,,,1527,,1457,1025.7,2352,1408,200,1040,,,1012.8,0006,2344,-4.4,,10.6,,,,,,,4.6
2025-11-03,211,인제,4.5,-1.5,14.0,,0.7,2.2,200,4.6,200,67.0,28,1501,,,,,0.0,,,,,,1003.8,1029.0,5.3,0.0,-1.9,7.4,,,,,,,,,624,,1522,1031.9,0825,1518,360,1406,,,1025.7,0001,0531,-6.9,,10.5,,,,,,,7.9
2025-11-04,211,인제,6.9,1.0,15.8,,0.8,3.6,180,7.7,250,70.9,30,1418,,,,,1.5,,,,,,1001.9,1026.8,6.7,2.0,1.2,9.4,,,,,,,,,687,,1236,1029.6,0017,1520,20,1406,,,1023.5,1517,0400,-4.3,,10.5,,,,,,,6.5
2025-11-05,211,인제,7.1,0.6,17.2,,0.8,2.2,180,4.2,180,76.5,38,1441,,,,,0.0,,,,,,1000.7,1025.5,7.3,0.0,2.5,9.4,,,,,,,,,684,,1419,1028.4,0835,1508,360,1420,,,1021.7,1514,0707,-4.1,,10.5,,,,,,,7.8
2025-11-06,211,인제,8.0,3.0,18.0,,0.7,2.1,200,3.8,200,80.0,43,1447,,,,,1.1,,,,,,1000.7,1025.4,8.3,3.9,4.3,10.4,,,,,,,,,641,,1315,1027.8,0907,1452,360,1334,,,1022.0,1519,0317,-2.1,,10.4,,,,,,,4.4
2025-11-07,211,인제,9.5,2.9,18.1,,1.7,4.9,20,8.9,50,76.8,39,1343,,,,,1.9,,,,,,1002.1,1026.7,8.8,3.8,5.1,10.2,,,,,,,,,1458,,1554,1028.6,0834,1354,20,1602,,,1023.8,1346,0634,-1.4,,10.4,,,,,,,5.0
2025-11-08,211,인제,10.4,8.2,12.1,0.0,2.1,4.9,20,10.4,20,78.9,69,1210,,,,,8.0,,,,,,999.8,1024.3,9.9,9.8,6.8,11.6,,,,,,,0.0,,1778,,0312,1028.4,0841,1444,70,0328,0.0,,1019.5,2348,2337,4.9,,10.4,,,,,,,0.0
2025-11-09,211,인제,11.1,6.4,16.4,,1.7,5.1,200,12.4,230,61.4,25,1347,,,,,2.0,,,,,,991.2,1015.4,7.6,3.0,2.6,12.4,,,,,,,,,1470,,1310,1019.5,0001,1346,180,1313,,,1012.5,1427,0159,1.2,,10.3,,,,,,,5.5
2025-11-10,211,인제,7.1,1.2,12.3,,1.7,3.7,180,7.8,230,36.3,18,1343,,,,,0.0,,,,,,994.1,1018.7,3.5,1.1,-7.9,8.2,,,,,,,,,1496,,0039,1021.7,2322,1443,200,1209,,,1016.1,1521,2343,-5.9,,10.3,,,,,,,7.8
2025-11-11,211,인제,5.0,-1.0,13.9,,0.8,2.7,180,5.2,200,63.1,29,1242,,,,,0.1,,,,,,998.6,1023.5,5.3,1.5,-2.2,6.9,,,,,,,,,669,,1228,1026.4,2339,1521,180,1230,,,1020.6,1415,0708,-7.3,,10.3,,,,,,,7.8
2025-11-12,211,인제,5.4,-1.3,15.0,,0.9,3.0,180,5.8,230,72.3,33,1531,,,,,0.0,,,,,,998.8,1023.7,6.1,0.0,-0.1,7.1,,,,,,,,,769,,1554,1027.8,0816,1520,180,1527,,,1020.1,1636,0703,-7.2,,10.2,,,,,,,7.7
2025-11-13,211,인제,6.9,0.8,15.3,,1.0,3.6,180,7.1,160,74.5,42,1505,,,,,0.6,,,,,,994.5,1019.2,7.1,1.8,2.1,8.5,,,,,,,,,822,,1407,1022.0,0010,1403,180,1221,,,1015.9,1426,0609,-4.9,,10.2,,,,,,,3.6
2025-11-14,211,인제,4.3,-0.8,13.3,,0.9,3.5,180,6.5,180,71.6,30,1458,,,,,0.1,,,,,,996.8,1021.8,5.6,0.1,-1.2,6.2,,,,,,,,,812,,1354,1025.7,2358,1441,20,1403,,,1019.0,1327,0701,-6.3,,10.2,,,,,,,6.7
2025-11-15,211,인제,4.2,-2.3,15.6,,0.6,2.4,200,4.2,200,67.0,22,1321,,,,,0.0,,,,,,1002.8,1028.0,5.1,1.1,-2.4,5.7,,,,,,,,,507,,1351,1030.2,0818,1505,360,1340,,,1024.9,1445,0631,-8.5,,10.1,,,,,,,7.7
2025-11-16,211,인제,8.5,-2.3,16.8,,1.9,4.7,200,9.7,230,57.5,22,1522,,,,,1.4,,,,,,1000.4,1025.0,5.8,1.6,-1.1,7.6,,,,,,,,,1621,,1651,1030.0,0306,1420,180,2006,,,1021.1,2347,0726,-8.4,,10.1,,,,,,,7.7
2025-11-17,211,인제,4.1,-1.3,12.9,,2.5,4.8,200,11.4,200,29.0,17,1142,,,,,0.1,,,,,,1001.0,1026.1,2.3,3.9,-13.0,6.4,,,,,,,,,2180,,0020,1028.3,2226,0003,250,1042,,,1021.2,0007,2319,-7.8,,10.1,,,,,,,7.6
2025-11-18,211,인제,-1.1,-4.5,4.5,,1.6,5.3,200,11.0,230,51.1,27,1254,,,,,0.9,,,,,,1000.6,1026.2,2.8,1.3,-10.5,2.3,,,,,,,,,1400,,1103,1028.2,0830,1450,200,1225,,,1023.3,1509,0616,-10.6,,10.0,,,,,,,7.0
2025-11-19,211,인제,-1.1,-6.4,6.4,,0.9,3.3,200,5.7,180,62.8,33,1405,,,,,0.0,,,,,,1000.7,1026.3,3.4,0.0,-7.9,2.0,,,,,,,,,735,,1443,1028.6,0750,1414,180,1450,,,1023.6,1503,0702,-12.5,,10.0,,,,,,,7.6
2025-11-20,211,인제,5.0,-3.9,10.8,,2.0,5.3,200,10.5,200,56.3,26,2228,,,,,3.8,,,,,,997.5,1022.5,4.9,4.8,-3.4,3.8,,,,,,,,,1768,,1253,1026.6,0245,1810,200,1255,,,1018.2,1649,0330,-10.7,,10.0,,,,,,,0.7
2025-11-21,211,인제,4.9,-3.2,9.5,,1.9,5.3,200,11.1,200,54.6,30,1113,,,,,3.9,,,,,,999.3,1024.3,4.7,4.5,-4.0,5.1,,,,,,,,,1603,,1227,1026.1,0839,1515,180,1323,,,1021.8,1453,0731,-10.6,,10.0,,,,,,,5.5
2025-11-22,211,인제,6.3,1.0,12.9,,1.2,4.1,200,7.4,230,71.4,38,1404,,,,,0.1,,,,,,1000.1,1025.0,6.5,1.6,0.9,7.0,,,,,,,,,1012,,1435,1027.1,0815,1350,180,1341,,,1022.9,1502,0548,-5.3,,9.9,,,,,,,6.9
2025-11-23,211,인제,6.6,-0.4,12.0,,1.0,3.1,200,6.7,200,76.1,58,1417,,,,,3.3,,,,,,997.2,1022.0,7.3,6.5,2.4,6.3,,,,,,,,,865,,1709,1025.4,0050,1415,180,1710,,,1019.5,1758,0501,-6.5,,9.9,,,,,,,0.1
2025-11-24,211,인제,8.1,3.0,14.1,0.0,1.0,3.8,200,7.7,200,81.0,56,1508,,,,,1.3,,,,,,992.7,1017.3,8.5,3.0,4.7,8.1,,,,,,,,,886,,1100,1019.9,0225,1507,180,1139,,,1014.2,1531,2341,-3.4,,9.9,,,,,,,2.3
2025-11-25,211,인제,3.8,0.9,5.3,9.9,0.4,1.8,230,3.1,230,95.3,86,1334,,,,,6.9,,,,,,990.7,1015.6,7.6,8.1,3.0,5.1,,,,,,,,,356,,1236,1021.3,2356,1605,200,1250,,,1012.6,1230,0414,-4.7,,9.9,,,,,,,0.0
2025-11-26,211,인제,4.3,-0.3,8.4,0.1,1.4,3.5,230,6.6,230,78.9,51,1416,,,,,5.3,,,,,,999.2,1024.2,6.4,5.5,0.7,6.4,,,,,,,,,1185,,1326,1026.7,0946,1414,200,0904,,,1021.2,0001,2333,-6.5,,9.8,,,,,,,1.8
2025-11-27,211,인제,3.1,-0.2,5.8,6.1,1.2,4.2,180,8.4,200,81.5,53,2354,,,,,7.5,,,,,,989.5,1014.4,6.2,8.3,-0.1,4.8,,,,,,,,,1066,,1757,1023.1,0001,1724,180,1759,,,1009.9,1308,0001,-6.0,,9.8,,,,,,,0.0
2025-11-28,211,인제,0.6,-2.9,5.9,,1.3,4.3,180,8.6,180,64.3,33,1449,,,,,0.0,,,,,,995.8,1021.1,4.0,1.0,-5.9,3.3,,,,,,,,,1156,,0126,1023.4,2138,1431,180,0134,,,1016.5,0001,2332,-9.7,,9.8,,,,,,,7.4
2025-11-29,211,인제,3.9,-5.2,10.7,,1.4,4.0,180,8.1,200,68.1,31,1311,,,,,4.1,,,,,,992.7,1017.6,5.5,4.1,-2.0,2.5,,,,,,,,,1209,,2336,1022.9,0001,2356,180,2329,,,1014.5,2026,0718,-11.1,,9.8,,,,,,,5.3
2025-11-30,211,인제,11.9,7.8,15.0,,2.5,5.2,200,10.5,200,66.4,46,1429,,,,,2.3,,,,,,989.9,1013.9,9.1,3.0,5.6,10.1,,,,,,,,,2184,,1554,1016.3,0842,1426,180,1602,,,1012.0,1451,0732,5.4,,9.8,,,,,,,5.1
2025-12-01,211,인제,6.1,-0.9,11.9,,2.0,4.7,200,9.5,180,47.5,23,1235,,,,,0.0,,,,,,993.6,1018.4,4.3,1.5,-5.2,6.4,,,,,,,,,1737,,0422,1021.6,2348,0009,180,0410,,,1012.7,0033,2400,-7.3,,9.7,,,,,,,7.4
2025-12-02,211,인제,0.2,-4.9,4.0,,1.9,4.8,230,10.0,200,38.1,19,1903,,,,,0.8,,,,,,996.7,1022.0,2.4,2.6,-13.0,1.8,,,,,,,,,1637,,1208,1023.9,2350,1129,200,1428,,,1020.2,1341,2355,-10.1,,9.7,,,,,,,6.9
2025-12-03,211,인제,-6.9,-9.7,-3.8,,2.3,5.7,230,16.2,250,36.3,23,1336,,,,,0.0,,,,,,998.7,1024.8,1.3,0.0,-19.8,-2.5,,,,,,,,,1948,,1311,1028.3,2350,1443,230,1251,,,1021.4,1318,2359,-15.0,,9.7,,,,,,,7.4
2025-12-04,211,인제,-5.5,-11.8,-0.4,0.4,1.7,4.0,230,9.1,290,53.6,26,1423,,,,,3.5,,,,,,999.4,1025.4,2.1,4.1,-14.3,-2.2,,,,,,,,,1439,,1934,1028.8,0836,1438,180,2359,,,1020.4,1904,0645,-17.3,,9.7,,,,,,,6.0
2025-12-05,211,인제,-3.7,-6.7,0.3,,2.0,4.1,200,8.8,160,58.3,39,1647,,,,,2.9,,,,,,1001.1,1027.0,2.7,2.9,-10.9,-0.1,,,,,,,,,1765,,1419,1029.8,0932,1530,200,1240,,,1023.7,0001,0751,-12.2,,9.7,,,,,,,7.3
2025-12-06,211,인제,0.6,-6.1,5.8,0.8,1.2,5.3,200,10.0,230,73.6,53,1150,,,,,8.6,,,,,,995.3,1020.6,4.9,8.6,-3.7,0.8,,,,,,,,,1021,,1336,1026.2,0001,2300,180,1348,,,1017.5,2145,0450,-11.5,,9.6,,,,,,,0.4
2025-12-07,211,인제,7.7,1.1,11.2,,2.4,4.6,180,10.5,180,62.5,38,1359,,,,,1.5,,,,,,993.9,1018.5,6.4,2.3,0.5,5.8,,,,,,,,,2111,,2257,1021.4,0831,1352,180,2300,,,1016.5,2107,0808,-1.5,,9.6,,,,,,,6.5
2025-12-08,211,인제,1.6,-4.4,8.3,,1.3,4.1,180,10.2,230,42.6,15,1426,,,,,0.0,,,,,,1000.6,1025.9,2.7,0.5,-10.9,1.9,,,,,,,,,1123,,0230,1029.1,2324,0001,200,0150,,,1018.6,0001,2328,-12.6,,9.6,,,,,,,7.3
2025-12-09,211,인제,-1.0,-7.2,5.7,,0.7,3.6,180,7.9,180,67.1,41,1201,,,,,1.9,,,,,,1002.5,1028.1,3.7,2.8,-6.7,0.0,,,,,,,,,643,,1221,1030.0,0707,1432,180,1223,,,1025.2,1432,0704,-14.6,,9.6,,,,,,,6.1
2025-12-10,211,인제,2.9,-3.0,6.6,0.0,1.3,3.8,180,7.6,180,73.5,60,1231,,,,,4.0,,,,,,999.4,1024.5,5.5,5.9,-1.6,2.5,,,,,,,,,1080,,1624,1028.5,0032,1419,180,1644,,,1020.1,2358,0616,-9.5,,9.6,,,,,,,0.6
2025-12-11,211,인제,2.6,0.1,7.8,11.1,1.3,5.0,20,8.5,20,74.3,42,1659,,,,,5.4,,,,,,995.9,1021.0,5.5,7.5,-1.9,3.2,,,,,,,,,1163,,2347,1029.4,2359,1408,20,2348,,,1017.2,1439,0607,-3.1,,9.6,,,,,,,2.2
2025-12-12,211,인제,0.6,-2.3,4.7,,2.3,5.0,20,8.9,20,63.6,48,0019,,,,,3.3,,,,,,1006.7,1032.3,4.1,6.8,-5.5,2.9,,,,,,,,,1951,,0049,1034.5,1004,1400,70,0106,,,1029.4,0001,0752,-7.0,,9.6,,,,,,,6.4
2025-12-13,211,인제,0.4,-0.8,2.0,10.2,1.0,3.0,180,5.6,180,86.1,69,0953,,,,,8.0,,,,,,997.0,1022.4,5.4,10.0,-1.7,2.5,,,,,,,,,886,,2302,1031.5,0001,1058,360,2238,,,1016.5,2302,0248,-2.6,,9.6,,,,,,,0.0
2025-12-14,211,인제,-1.8,-5.3,0.6,0.1,1.5,3.5,180,7.2,230,78.1,66,1314,,,,,6.4,,,,,,994.0,1019.5,4.2,6.8,-5.1,2.2,,,,,,,,,1315,,1345,1023.8,2349,0001,200,1406,,,1015.7,0459,2400,-7.6,,9.6,,,,,,,0.0
2025-12-15,211,인제,-2.2,-7.2,2.2,,0.7,3.2,200,6.0,200,82.8,63,1235,,,,,3.4,,,,,,999.8,1025.5,4.3,4.3,-4.8,1.3,,,,,,,,,610,,1528,1028.0,0845,1453,180,1529,,,1023.8,0001,0533,-12.5,,9.6,,,,,,,4.8
2025-12-16,211,인제,1.2,-0.6,2.9,0.2,0.2,1.2,20,2.1,20,94.6,87,1123,,,,,9.0,,,,,,997.4,1022.7,6.4,9.0,0.5,3.4,,,,,,,,,192,,0528,1024.7,0001,1330,20,0533,,,1021.3,1418,0134,-1.6,,9.5,,,,,,,0.0
2025-12-17,211,인제,2.1,-2.0,6.2,,0.9,2.8,200,5.4,230,87.5,62,1554,,,,,5.5,,,,,,998.0,1023.2,6.1,6.4,0.0,4.4,,,,,,,,,755,,1152,1026.8,2305,1300,200,1159,,,1020.1,0508,2346,-8.1,,9.5,,,,,,,1.0
2025-12-18,211,인제,0.0,-3.3,5.8,,0.6,2.1,160,4.6,140,81.6,51,1358,,,,,0.9,,,,,,1001.5,1027.0,4.9,1.8,-3.0,3.6,,,,,,,,,538,,1302,1029.6,0947,1411,180,1154,,,1025.3,1458,2257,-9.9,,9.5,,,,,,,6.0
2025-12-19,211,인제,0.3,-4.7,4.7,,0.5,1.7,160,3.8,200,88.8,73,1543,,,,,6.3,,,,,,997.4,1022.7,5.6,7.4,-1.4,1.6,,,,,,,,,419,,1552,1026.6,0210,2308,180,1507,,,1019.4,1805,0349,-10.9,,9.5,,,,,,,0.7
2025-12-20,211,인제,8.3,4.4,11.1,0.4,2.4,4.1,200,8.6,180,79.0,63,2140,,,,,7.3,,,,,,992.8,1017.3,8.7,8.3,4.7,7.2,,,,,,,,,2046,,1903,1020.3,2328,1440,180,2005,,,1014.4,1419,0001,2.0,,9.5,,,,,,,0.0
2025-12-21,211,인제,-1.4,-6.0,5.0,,1.6,5.3,200,9.9,230,41.6,22,1508,,,,,0.0,,,,,,1002.1,1027.8,2.2,1.8,-13.3,1.2,,,,,,,,,1352,,0333,1032.1,2338,0004,180,0338,,,1020.2,0003,2353,-13.6,,9.5,,,,,,,7.2
2025-12-22,211,인제,-4.0,-9.1,5.0,,0.7,2.4,50,3.8,50,63.0,24,1505,,,,,0.4,,,,,,1006.1,1032.1,2.7,1.4,-10.9,-2.2,,,,,,,,,604,,1049,1035.4,0841,1502,360,1037,,,1029.2,1504,0737,-15.1,,9.5,,,,,,,7.0
2025-12-23,211,인제,-2.4,-7.2,1.3,5.2,0.3,1.6,200,3.1,180,82.1,58,1451,,,,,7.0,,,,,,998.8,1024.4,4.3,9.0,-5.2,-0.5,,,,,,,,,260,,1529,1032.5,0016,1535,20,1544,,,1019.8,2353,0441,-13.1,,9.5,,,,,,,0.0
2025-12-24,211,인제,0.9,-0.4,3.0,,0.6,2.9,290,4.8,320,89.4,71,1329,,,,,9.1,,,,,,993.4,1018.6,5.8,9.1,-0.8,1.4,,,,,,,,,510,,1633,1019.9,0009,1313,290,1633,,,1017.2,1330,2225,-2.6,,9.5,,,,,,,0.0
2025-12-25,211,인제,-2.5,-8.8,1.0,0.1,1.6,4.3,200,11.6,230,54.5,30,1337,,,,,2.5,,,,,,993.1,1018.6,2.9,3.3,-11.0,1.1,,,,,,,,,1378,,1421,1022.1,2355,1102,230,1205,,,1016.4,1251,2358,-13.1,,9.5,,,,,,,6.9
2025-12-26,211,인제,-9.0,-12.4,-5.5,,1.9,3.8,200,7.7,180,44.9,28,2016,,,,,0.0,,,,,,999.7,1026.1,1.4,0.3,-19.0,-5.3,,,,,,,,,1668,,1520,1027.8,2325,1454,200,1527,,,1022.0,0006,0743,-17.0,,9.5,,,,,,,7.3
2025-12-27,211,인제,-5.3,-11.6,-1.3,0.1,1.0,2.7,200,5.4,180,68.9,53,0013,,,,,7.0,,,,,,1000.1,1026.1,3.0,8.1,-10.1,-2.1,,,,,,,,,826,,1332,1028.6,0238,2359,200,1946,,,1023.8,1458,0213,-16.9,,9.5,,,,,,,0.4
2025-12-28,211,인제,1.2,-2.3,3.8,0.4,1.5,3.9,180,9.9,180,76.9,63,1429,,,,,8.0,,,,,,996.3,1021.6,5.2,8.5,-2.4,1.2,,,,,,,,,1276,,2342,1025.1,0010,2315,180,2400,,,1017.8,2317,0025,-2.6,,9.5,,,,,,,0.4
2025-12-29,211,인제,3.7,-1.1,6.8,2.2,2.4,4.2,180,8.2,200,72.8,44,1946,,,,,4.0,,,,,,992.2,1017.1,5.8,5.3,-0.9,3.1,,,,,,,,,2077,,0225,1020.7,2400,1614,200,0007,,,1014.3,1426,2400,-7.2,,9.6,,,,,,,0.0
2025-12-30,211,인제,-1.9,-6.0,2.6,,1.2,4.2,200,9.8,340,53.0,24,1216,,,,,0.9,,,,,,998.5,1024.1,2.6,0.9,-11.8,-1.9,,,,,,,,,1021,,1219,1026.0,0936,1249,180,1359,,,1020.7,0001,0750,-13.1,,9.6,,,,,,,7.3
2025-12-31,211,인제,-6.1,-10.3,-2.2,,1.3,3.9,200,7.8,230,37.4,19,1312,,,,,0.0,,,,,,1000.3,1026.4,1.4,0.0,-19.0,-5.0,,,,,,,,,1149,,1200,1028.1,2309,1307,200,1200,,,1024.3,1455,2342,-16.9,,9.6,,,,,,,7.3
2026-01-01,211,인제,-9.5,-13.3,-4.3,,1.1,4.1,180,7.6,270,53.6,28,1828,,,,,0.0,,,,,,999.2,1025.6,1.6,0.3,-17.6,-5.8,,,,,,,,,990,,1418,1028.2,0002,1451,180,1424,,,1022.6,1645,0755,-18.5,,9.6,,,,,,,7.3
2026-01-02,211,인제,-10.0,-14.9,-3.8,,0.9,3.5,180,7.3,180,61.0,34,1453,,,,,0.0,,,,,,998.9,1025.3,1.7,0.3,-16.6,-6.2,,,,,,,,,797,,1444,1027.2,0924,1451,180,1556,,,1022.3,1503,0718,-19.8,,9.6,,,,,,,7.3
2026-01-03,211,인제,-7.3,-14.2,-0.2,,1.2,3.6,200,8.1,250,62.9,32,1439,,,,,0.0,,,,,,1001.1,1027.3,2.1,0.0,-13.9,-5.2,,,,,,,,,1063,,1629,1030.1,0854,1543,180,1623,,,1024.5,1522,0712,-19.8,,9.6,,,,,,,7.3
2026-01-04,211,인제,-2.2,-9.4,3.5,,1.5,4.3,200,8.2,180,60.9,37,1423,,,,,2.1,,,,,,997.7,1023.4,3.0,6.0,-9.3,-2.1,,,,,,,,,1313,,1629,1027.2,0026,1407,200,1426,,,1020.9,1730,0154,-15.3,,9.6,,,,,,,7.1
2026-01-05,211,인제,-4.3,-8.6,1.5,,0.8,3.0,320,5.8,160,59.3,26,1400,,,,,0.0,,,,,,996.2,1022.0,2.5,1.1,-12.0,-3.1,,,,,,,,,720,,1434,1025.6,2336,1358,180,1309,,,1019.3,1408,0808,-16.2,,9.6,,,,,,,7.3
2026-01-06,211,인제,-3.9,-11.6,1.5,,1.4,3.8,180,8.3,230,60.9,33,1245,,,,,3.6,,,,,,997.2,1022.9,2.7,3.8,-11.0,-3.6,,,,,,,,,1214,,1722,1026.9,0803,1417,180,1555,,,1018.8,2358,0756,-17.9,,9.6,,,,,,,3.6
2026-01-07,211,인제,-0.1,-6.2,3.7,0.1,2.8,5.1,180,12.9,160,44.8,16,1649,,,,,2.5,,,,,,993.0,1018.3,2.8,2.8,-11.8,0.1,,,,,,,,,2429,,1322,1024.3,2319,1155,200,1237,,,1015.2,1322,2356,-12.7,,9.7,,,,,,,6.3
2026-01-08,211,인제,-7.2,-11.1,-2.3,,1.2,3.3,180,6.5,230,44.4,25,1552,,,,,0.0,,,,,,1000.3,1026.5,1.5,0.0,-17.8,-5.1,,,,,,,,,1016,,1245,1028.2,1034,1517,200,1540,,,1024.2,0056,0803,-18.2,,9.7,,,,,,,7.4
2026-01-09,211,인제,-2.9,-12.1,2.6,,1.7,4.6,200,10.1,200,65.3,49,0933,,,,,7.1,,,,,,994.5,1020.2,3.5,8.0,-8.5,-3.2,,,,,,,,,1503,,1622,1028.0,0241,2336,200,1707,,,1013.0,2357,0426,-18.2,,9.7,,,,,,,0.7
2026-01-10,211,인제,0.6,-5.7,4.3,4.3,3.7,8.1,200,16.9,230,69.3,29,1438,,,,,6.6,,,,,,983.2,1008.2,4.5,9.4,-4.8,2.1,,,,,,,,,3184,,1051,1016.4,2354,0940,180,1530,,,1003.5,0806,2323,-4.4,,9.7,,,,,,,1.5
2026-01-11,211,인제,-8.2,-12.0,-5.5,,2.3,6.4,200,19.3,200,39.4,20,1627,,,,,0.0,,,,,,996.1,1022.3,1.3,0.6,-20.0,-2.2,,,,,,,,,1991,,1441,1025.9,2154,0012,230,1403,,,1016.2,0009,2351,-16.7,,9.7,,,,,,,7.3
2026-01-12,211,인제,-7.0,-14.3,-0.5,1.6,1.2,3.4,200,7.8,200,78.5,57,0004,,,,,6.0,,,,,,992.5,1018.5,3.1,9.4,-10.1,-3.7,,,,,,,,,1022,,1635,1026.2,0226,2400,180,1643,,,1008.2,2347,0536,-17.8,,9.8,,,,,,,0.2
2026-01-13,211,인제,-4.2,-11.2,0.3,1.7,2.5,6.3,200,15.9,230,43.6,20,1604,,,,,0.4,,,,,,990.1,1015.7,2.1,1.1,-15.9,-0.2,,,,,,,,,2122,,0956,1023.3,2339,0149,230,1318,,,1007.9,0117,2347,-11.8,,9.8,,,,,,,7.4
2026-01-14,211,인제,-7.0,-14.8,-2.1,,1.0,4.3,180,8.2,160,50.3,29,1551,,,,,4.8,,,,,,997.3,1023.3,1.8,8.5,-16.1,-2.1,,,,,,,,,858,,1437,1027.2,0823,1722,180,1512,,,1018.8,2359,0724,-14.5,,9.8,,,,,,,3.6
2026-01-15,211,인제,0.7,-4.1,6.8,1.1,1.1,3.2,180,7.1,230,78.5,46,0012,,,,,3.1,,,,,,989.9,1015.1,5.2,6.0,-2.7,0.3,,,,,,,,,941,,1802,1019.0,2353,1626,230,1417,,,1011.4,1446,0300,-7.5,,9.8,,,,,,,0.0
2026-01-16,211,인제,1.1,-3.5,7.7,,0.9,2.7,180,5.2,180,79.4,36,1558,,,,,2.0,,,,,,993.5,1018.7,5.2,2.6,-2.3,1.2,,,,,,,,,776,,1556,1021.1,0945,1503,200,1355,,,1016.2,1528,0344,-8.8,,9.8,,,,,,,5.0
2026-01-17,211,인제,0.1,-4.9,6.1,,1.3,2.8,200,5.7,180,69.6,31,1413,,,,,0.0,,,,,,995.4,1020.8,4.1,0.9,-5.4,1.7,,,,,,,,,1088,,1340,1023.6,2346,1524,180,0156,,,1017.6,0039,2356,-11.3,,9.9,,,,,,,7.5
2026-01-18,211,인제,-2.4,-6.5,0.7,0.3,0.7,2.3,20,4.0,50,75.3,60,1722,,,,,4.3,,,,,,997.5,1023.1,3.9,7.1,-6.2,-0.4,,,,,,,,,569,,0700,1024.9,0514,1640,20,0803,,,1020.9,1544,0616,-11.8,,9.9,,,,,,,0.0
2026-01-19,211,인제,-3.0,-10.5,0.2,4.1,1.5,4.7,180,10.0,200,69.5,30,2002,,,,,3.4,,,,,,996.7,1022.4,3.7,7.6,-8.4,0.8,,,,,,,,,1284,,1418,1027.0,2350,1406,180,1420,,,1019.0,1427,2351,-9.7,,9.9,,,,,,,2.8
2026-01-20,211,인제,-9.9,-15.0,-2.8,,0.7,2.8,180,5.6,180,64.3,29,1603,,,,,0.0,,,,,,1001.0,1027.5,1.8,3.8,-15.8,-0.4,,,,,,,,,634,,1543,1030.1,0758,1533,180,1341,,,1024.8,1533,0756,-13.3,,9.9,,,,,,,7.5
2026-01-21,211,인제,-10.9,-16.6,-5.4,,1.5,4.6,230,9.4,250,55.8,28,1619,,,,,0.0,,,,,,999.6,1026.2,1.4,1.3,-18.9,-5.1,,,,,,,,,1297,,1629,1028.1,0241,1602,180,1624,,,1022.9,1443,0747,-13.6,,10.0,,,,,,,7.5
2026-01-22,211,인제,-11.3,-15.2,-6.4,,1.9,5.2,180,9.9,180,48.5,26,1523,,,,,0.0,,,,,,1000.3,1026.9,1.2,3.8,-20.5,-5.7,,,,,,,,,1639,,1441,1028.6,0844,1546,230,1343,,,1024.6,1441,0354,-15.3,,10.0,,,,,,,7.6
2026-01-23,211,인제,-8.8,-17.3,-2.8,0.2,1.9,5.4,200,12.0,200,58.5,24,1327,,,,,2.6,,,,,,999.0,1025.4,1.8,5.4,-16.3,-4.9,,,,,,,,,1622,,1423,1029.3,0823,1632,180,1429,,,1021.7,2400,0703,-17.3,,10.0,,,,,,,6.8
2026-01-24,211,인제,-6.8,-13.2,-2.9,0.3,1.9,5.2,200,13.2,230,47.9,18,1349,,,,,0.5,,,,,,998.0,1024.1,1.7,1.3,-17.5,-2.5,,,,,,,,,1659,,1334,1027.5,2349,1420,180,1335,,,1021.1,0105,0740,-15.3,,10.1,,,,,,,7.6
2026-01-25,211,인제,-9.3,-15.8,-1.8,,0.9,3.2,180,6.1,180,56.5,26,1544,,,,,0.0,,,,,,1003.3,1029.8,1.6,5.0,-17.1,-5.3,,,,,,,,,788,,1450,1032.4,2200,1514,180,1451,,,1027.5,0001,0803,-17.7,,10.1,,,,,,,7.6
2026-01-26,211,인제,-7.4,-14.0,-2.2,,1.1,3.0,200,6.3,200,57.3,37,1458,,,,,2.8,,,,,,1000.6,1026.8,1.9,9.8,-15.0,-4.3,,,,,,,,,954,,1756,1031.5,0512,1552,180,1211,,,1022.8,1626,0511,-16.8,,10.1,,,,,,,1.9
2026-01-27,211,인제,-6.0,-11.1,-0.3,,1.5,4.3,200,9.1,230,55.6,28,1612,,,,,0.0,,,,,,998.7,1024.7,2.1,0.0,-14.1,-3.8,,,,,,,,,1318,,1341,1027.5,2350,1531,200,1410,,,1022.4,1538,0755,-16.1,,10.1,,,,,,,7.7
2026-01-28,211,인제,-8.2,-14.4,-1.8,,1.1,3.8,200,8.8,250,54.1,23,1807,,,,,0.0,,,,,,1002.0,1028.4,1.6,0.0,-17.1,-5.4,,,,,,,,,987,,1443,1030.9,0819,1558,180,1420,,,1025.8,1626,0703,-19.2,,10.2,,,,,,,7.3
2026-01-29,211,인제,-7.6,-14.5,-0.7,,1.3,5.0,230,10.4,230,46.6,19,1519,,,,,0.0,,,,,,1002.7,1029.0,1.4,0.0,-18.8,-5.6,,,,,,,,,1111,,1517,1031.3,0852,1446,230,1509,,,1025.8,1435,0729,-19.5,,10.2,,,,,,,7.8
2026-01-30,211,인제,-8.9,-14.1,-2.4,,1.0,3.8,180,7.0,180,52.8,26,1442,,,,,0.0,,,,,,1003.9,1030.3,1.6,5.0,-17.6,-5.4,,,,,,,,,857,,1419,1033.1,0746,1619,180,1543,,,1027.6,1558,0740,-18.6,,10.2,,,,,,,7.4
2026-01-31,211,인제,-7.2,-14.9,0.0,,1.3,4.5,200,9.1,230,52.4,24,1439,,,,,0.8,,,,,,1001.5,1027.7,1.7,1.9,-16.6,-4.6,,,,,,,,,1082,,1557,1031.2,0342,1432,180,1506,,,1024.0,1612,0736,-18.9,,10.3,,,,,,,7.8
2026-02-01,211,인제,-5.4,-12.5,0.4,0.0,1.1,4.9,250,10.7,230,56.8,29,1304,,,,,1.9,,,,,,999.3,1025.3,2.2,1.9,-13.6,-3.7,,,,,,,,,969,,1329,1027.1,0824,1417,180,1337,,,1022.9,1414,0746,-18.1,,10.3,,,,,,,7.4
2026-02-02,211,인제,-4.8,-9.0,-0.2,1.7,1.2,4.0,200,7.8,200,70.1,40,1601,,,,,3.3,,,,,,1000.3,1026.3,2.9,3.6,-10.0,-0.5,,,,,,,,,1044,,1324,1030.5,2400,1529,180,1357,,,1023.9,0515,2352,-14.7,,10.3,,,,,,,4.5
2026-02-03,211,인제,-5.5,-13.6,2.9,,1.2,3.9,180,8.0,160,65.4,30,1501,,,,,0.0,,,,,,1002.8,1028.8,2.5,0.0,-11.9,-3.1,,,,,,,,,1051,,1410,1033.0,0759,1459,180,1443,,,1025.6,1634,0637,-17.3,,10.4,,,,,,,7.8
2026-02-04,211,인제,-1.3,-7.2,3.7,,0.5,2.7,200,4.5,200,77.1,61,1420,,,,,8.6,,,,,,997.5,1023.1,4.3,9.4,-4.9,0.0,,,,,,,,,471,,1116,1026.4,0153,1431,200,1148,,,1020.2,2251,0104,-12.7,,10.4,,,,,,,0.0
2026-02-05,211,인제,2.9,-1.6,7.2,0.0,2.2,4.6,200,10.5,230,70.6,56,1900,,,,,4.4,,,,,,992.1,1017.1,5.2,6.6,-2.1,1.8,,,,,,,,,1866,,1334,1020.6,0240,1550,180,1330,,,1013.4,1408,0211,-5.4,,10.4,,,,,,,0.6
2026-02-06,211,인제,-3.0,-7.4,2.1,,1.9,4.1,70,6.5,180,39.3,17,1605,,,,,0.3,,,,,,996.6,1022.3,1.9,5.4,-15.8,0.1,,,,,,,,,1637,,1231,1024.5,2355,0009,200,2009,,,1018.0,0001,2355,-11.9,,10.5,,,,,,,7.8
2026-02-07,211,인제,-7.3,-10.8,-2.5,,1.7,5.4,180,11.6,180,39.9,16,1717,,,,,0.0,,,,,,996.7,1022.8,1.4,2.4,-19.7,-3.4,,,,,,,,,1468,,1404,1024.8,0759,1323,180,1500,,,1019.4,1519,0727,-16.5,,10.5,,,,,,,7.9
2026-02-08,211,인제,-9.5,-15.5,-4.1,,1.8,4.4,180,8.3,200,40.6,25,1616,,,,,0.0,,,,,,1001.1,1027.6,1.2,0.0,-21.1,-5.6,,,,,,,,,1574,,1248,1030.9,2349,1605,180,1504,,,1024.3,0004,0732,-21.7,,10.5,,,,,,,7.9
2026-02-09,211,인제,-6.5,-13.9,1.7,,1.1,3.9,200,7.7,200,51.3,24,1441,,,,,0.0,,,,,,1002.3,1028.5,1.8,4.8,-15.9,-3.0,,,,,,,,,954,,1329,1032.0,0816,1540,180,1329,,,1025.1,1619,0728,-19.0,,10.6,,,,,,,8.0
2026-02-10,211,인제,-2.2,-8.3,2.6,,1.0,2.8,180,6.5,160,67.5,54,1048,,,,,6.0,,,,,,995.7,1021.3,3.6,8.5,-7.4,-0.3,,,,,,,,,900,,1701,1027.1,0035,1511,200,1606,,,1017.5,1549,0112,-14.4,,10.6,,,,,,,0.0
2026-02-11,211,인제,0.0,-3.4,5.6,,1.2,3.9,200,10.2,180,75.6,49,1625,,,,,4.9,,,,,,995.1,1020.5,4.5,5.1,-4.0,1.9,,,,,,,,,997,,1616,1021.9,2340,1507,180,1640,,,1018.8,1630,2355,-10.7,,10.7,,,,,,,1.6
2026-02-12,211,인제,-0.1,-6.1,6.8,,1.4,3.9,180,7.4,230,68.5,31,1410,,,,,0.9,,,,,,996.5,1021.9,3.9,2.0,-6.2,0.9,,,,,,,,,1198,,1541,1024.9,0833,1408,180,1523,,,1019.1,1643,0732,-12.8,,10.7,,,,,,,7.7
2026-02-13,211,인제,2.7,-2.4,8.0,,1.3,4.7,270,9.2,270,72.5,50,1358,,,,,1.9,,,,,,994.7,1019.7,5.3,5.0,-1.8,2.4,,,,,,,,,1163,,1437,1021.7,0004,1407,200,1446,,,1017.8,1405,0004,-8.4,,10.7,,,,,,,2.4
2026-02-14,211,인제,3.2,-1.1,10.4,,1.0,4.2,230,8.9,230,75.6,45,1425,,,,,3.6,,,,,,992.3,1017.3,5.7,4.3,-1.0,3.6,,,,,,,,,821,,1438,1020.4,0228,1519,200,1442,,,1013.8,1517,0136,-6.8,,10.8,,,,,,,4.7
2026-02-15,211,인제,4.8,-1.3,12.9,,1.5,4.7,180,12.0,160,56.6,14,1532,,,,,2.9,,,,,,993.4,1018.2,4.5,3.8,-4.9,4.1,,,,,,,,,1262,,1326,1021.6,2348,1501,180,1402,,,1015.2,1432,2351,-9.6,,10.8,,,,,,,6.3
2026-02-16,211,인제,-0.5,-4.5,5.8,,1.2,4.3,50,7.4,70,72.0,51,1506,,,,,2.0,,,,,,998.6,1024.1,4.2,4.8,-5.1,2.9,,,,,,,,,1019,,1248,1025.7,0827,1505,50,1221,,,1021.6,0001,0639,-11.0,,10.8,,,,,,,2.7
2026-02-17,211,인제,0.3,-7.0,7.1,,2.0,4.9,200,10.6,160,55.0,17,1635,,,,,0.0,,,,,,995.9,1021.2,3.0,0.0,-9.9,1.5,,,,,,,,,1721,,1518,1025.7,0245,1614,180,1446,,,1016.9,1609,0652,-13.2,,10.9,,,,,,,8.3
2026-02-18,211,인제,0.8,-4.5,6.9,,1.9,4.5,200,8.6,200,55.1,25,1620,,,,,0.5,,,,,,995.1,1020.4,3.4,1.1,-8.0,2.1,,,,,,,,,1611,,0237,1024.3,2400,1514,180,0231,,,1018.0,0551,2357,-11.9,,10.9,,,,,,,5.7
2026-02-19,211,인제,-0.6,-7.6,7.7,,1.3,4.4,180,8.7,200,59.5,27,1431,,,,,0.0,,,,,,997.8,1023.3,3.2,0.0,-8.6,1.5,,,,,,,,,1082,,1610,1026.4,0827,1534,180,1615,,,1020.0,1509,0705,-13.9,,11.0,,,,,,,8.3
2026-02-20,211,인제,1.9,-6.8,11.5,,1.2,4.1,180,10.9,230,62.6,33,1500,,,,,0.3,,,,,,992.8,1017.9,4.2,1.3,-5.3,2.3,,,,,,,,,996,,1655,1023.0,0033,1526,180,1515,,,1013.1,1619,0642,-13.3,,11.0,,,,,,,8.4
2026-02-21,211,인제,6.8,-3.5,15.9,,2.0,6.0,200,12.2,200,57.6,30,1417,,,,,0.0,,,,,,986.4,1010.9,5.2,1.1,-2.3,4.4,,,,,,,,,1752,,1332,1016.0,0031,1530,200,1239,,,1006.3,1804,0709,-9.7,,11.0,,,,,,,8.3
2026-02-22,211,인제,7.2,0.3,11.6,1.0,3.4,7.5,200,17.5,160,40.0,12,1846,,,,,3.8,,,,,,983.3,1007.7,4.5,3.8,-7.5,4.2,,,,,,,,,2897,,1530,1018.5,2355,1447,200,1519,,,1000.6,1441,2351,-3.5,,11.1,,,,,,,1.4
2026-02-23,211,인제,2.0,-1.5,6.7,,3.3,5.5,180,12.1,230,21.1,11,1604,,,,,0.0,,,,,,997.7,1023.0,1.5,3.9,-18.3,1.9,,,,,,,,,2871,,1556,1026.3,2355,1459,180,1344,,,1018.5,0001,0723,-6.6,,11.1,,,,,,,8.0
2026-02-24,211,인제,0.8,-4.1,5.7,,0.7,2.2,160,4.9,160,44.8,25,0022,,,,,3.0,,,,,,1000.0,1025.4,2.8,7.4,-10.5,1.6,,,,,,,,,595,,0021,1027.3,0216,1415,200,0022,,,1022.9,1507,2342,-12.0,,11.1,,,,,,,0.0
2026-02-25,211,인제,1.2,-6.3,9.5,,1.9,5.2,20,9.4,20,66.1,42,1123,,,,,0.0,,,,,,1000.3,1025.7,4.4,0.0,-4.7,2.4,,,,,,,,,1682,,1255,1027.8,0745,1412,360,1255,,,1023.4,1558,0652,-12.4,,11.2,,,,,,,8.5
2026-02-26,211,인제,3.4,-4.3,12.0,,1.8,5.5,50,10.8,20,71.3,33,1304,,,,,1.4,,,,,,996.4,1021.5,5.4,5.5,-1.8,3.5,,,,,,,,,1562,,1612,1026.4,0439,1332,50,1610,,,1017.3,1416,0551,-10.5,,11.2,,,,,,,5.3
2026-02-27,211,인제,3.7,-1.4,6.3,0.1,2.6,4.7,20,9.6,20,74.5,60,1639,,,,,6.9,,,,,,993.8,1018.8,5.9,6.9,-0.5,4.8,,,,,,,,,2216,,1242,1020.9,2305,1522,50,1120,,,1016.7,1533,2350,-6.5,,11.3,,,,,,,0.1
2026-02-28,211,인제,3.4,-3.6,11.0,,2.0,5.9,50,10.2,20,72.5,41,1235,,,,,2.1,,,,,,998.7,1023.8,5.5,3.1,-1.6,4.1,,,,,,,,,1740,,1540,1026.4,2303,1314,50,1541,,,1020.5,0025,0717,-10.7,,11.3,,,,,,,8.7
2026-03-01,211,인제,4.2,2.7,6.8,0.7,1.5,4.7,20,9.2,20,77.5,64,1136,,,,,8.5,,,,,,1001.5,1026.6,6.3,9.6,0.5,4.7,,,,,,,,,1329,,2358,1027.4,2056,1134,50,2200,,,1025.5,1317,1911,1.5,,11.3,,,,,,,0.0
2026-03-02,211,인제,2.3,0.9,3.3,3.5,4.7,6.2,20,12.5,20,83.3,76,0317,,,,,7.5,,,,,,999.4,1024.6,6.0,10.0,-0.3,3.3,,,,,,,,,4043,,1158,1026.2,0235,0048,20,1241,,,1023.2,1521,1739,-0.1,,11.4,,,,,,,0.0
2026-03-03,211,인제,2.1,0.9,5.0,1.9,3.6,6.2,20,11.9,20,78.5,64,1419,,,,,7.9,,,,,,999.8,1025.0,5.6,9.3,-1.3,4.1,,,,,,,,,3109,,1456,1027.1,2027,1418,20,1502,,,1022.9,0252,0503,0.0,,11.4,,,,,,,0.7
2026-03-04,211,인제,3.2,-1.9,10.9,,1.0,3.3,200,6.5,200,68.5,23,1647,,,,,2.0,,,,,,999.4,1024.5,5.0,2.1,-2.8,5.3,,,,,,,,,825,,1423,1026.7,0029,1446,20,1353,,,1021.3,1707,0714,-8.6,,11.5,,,,,,,8.6
2026-03-05,211,인제,4.1,-2.7,13.4,7.6,1.3,4.4,70,7.1,50,71.6,23,1500,,,,,3.8,,,,,,997.7,1022.7,5.5,6.9,-1.8,6.0,,,,,,,,,1157,,1611,1027.1,0809,1457,20,1615,,,1018.9,1529,0658,-8.7,,11.5,,,,,,,5.1
2026-03-06,211,인제,1.3,-0.2,2.8,6.3,1.8,3.7,180,7.3,200,82.3,68,2028,,,,,7.5,,,,,,994.6,1019.8,5.5,9.4,-1.5,3.1,,,,,,,,,1520,,1215,1022.6,2338,0957,200,1145,,,1018.2,1539,2133,-2.2,,11.5,,,,,,,0.0
2026-03-07,211,인제,-0.3,-3.9,4.8,0.0,1.5,3.7,200,7.3,180,64.0,35,1546,,,,,4.3,,,,,,1000.6,1026.1,3.7,4.5,-6.7,3.5,,,,,,,,,1329,,1410,1029.2,2359,1556,180,1411,,,1022.6,0001,2355,-10.8,,11.6,,,,,,,3.8
2026-03-08,211,인제,-0.3,-7.0,7.2,,1.0,3.1,180,5.9,180,62.0,26,1441,,,,,0.0,,,,,,1002.1,1027.6,3.4,1.1,-7.7,3.4,,,,,,,,,829,,1252,1030.7,0207,1502,180,1457,,,1024.2,1715,0700,-13.8,,11.6,,,,,,,8.6
2026-03-09,211,인제,0.4,-3.1,6.0,0.0,0.7,3.4,70,6.4,70,72.9,42,1300,,,,,3.8,,,,,,1001.3,1026.8,4.5,5.3,-4.2,4.3,,,,,,,,,570,,1507,1028.6,2353,1251,160,1515,,,1024.6,1341,0137,-10.7,,11.7,,,,,,,2.5
2026-03-10,211,인제,1.1,-3.9,8.7,,1.0,3.6,200,6.7,230,65.6,26,1540,,,,,0.3,,,,,,1001.1,1026.5,4.0,1.6,-5.7,3.9,,,,,,,,,834,,1441,1029.1,0925,1503,360,1442,,,1023.2,1705,0323,-11.1,,11.7,,,,,,,8.6
2026-03-11,211,인제,2.4,-5.0,11.1,,0.8,2.5,180,5.6,200,57.8,15,1214,,,,,1.1,,,,,,1000.5,1025.8,3.6,1.6,-7.3,4.2,,,,,,,,,730,,1400,1028.3,0841,1458,20,1336,,,1022.2,1532,0628,-12.4,,11.8,,,,,,,7.5
2026-03-12,211,인제,2.9,-3.2,9.8,0.0,2.6,6.5,20,11.3,20,68.3,34,1338,,,,,1.5,,,,,,1003.7,1029.0,5.0,2.3,-2.8,4.7,,,,,,,,,2229,,1625,1031.5,2317,1322,20,1625,,,1026.5,1406,0702,-9.9,,11.8,,,,,,,7.7
2026-03-13,211,인제,2.9,-0.7,7.3,0.0,2.0,4.7,50,9.8,20,61.4,39,1641,,,,,3.4,,,,,,1006.4,1031.7,4.5,6.0,-4.0,4.5,,,,,,,,,1716,,0903,1033.4,1029,1639,20,0934,,,1029.6,1646,2345,-6.6,,11.8,,,,,,,4.9
2026-03-14,211,인제,4.4,-2.3,12.3,,1.1,3.5,200,7.2,160,59.6,30,1352,,,,,4.4,,,,,,1003.1,1028.3,4.6,7.8,-3.7,5.7,,,,,,,,,940,,1254,1031.8,0004,1350,200,1451,,,1024.9,1609,0225,-8.6,,11.9,,,,,,,5.2
2026-03-15,211,인제,3.9,-1.0,11.4,,0.9,3.4,200,6.2,200,67.5,41,1541,,,,,3.6,,,,,,1000.3,1025.4,5.3,5.0,-2.0,6.9,,,,,,,,,789,,1512,1027.9,0723,1450,200,1405,,,1021.7,1704,0451,-6.9,,11.9,,,,,,,3.0
2026-03-16,211,인제,4.4,-2.7,13.5,,0.7,2.9,340,5.7,140,64.8,23,1519,,,,,0.4,,,,,,998.5,1023.6,4.9,3.5,-3.0,5.8,,,,,,,,,569,,1415,1027.0,0805,1400,340,1530,,,1019.5,1710,0555,-9.7,,12.0,,,,,,,6.5
2026-03-17,211,인제,5.2,-2.9,15.1,,0.9,3.5,250,6.0,180,55.8,20,1625,,,,,1.0,,,,,,996.6,1021.5,4.4,1.0,-4.6,6.5,,,,,,,,,777,,1321,1025.0,0705,1441,360,1237,,,1017.7,1641,0550,-10.5,,12.0,,,,,,,9.4
2026-03-18,211,인제,3.8,1.5,7.2,2.2,1.0,2.7,230,4.4,230,83.3,64,0001,,,,,5.1,,,,,,990.3,1015.2,6.7,8.8,1.1,6.0,,,,,,,,,853,,2033,1021.1,0001,1636,200,2006,,,1010.8,1636,0745,-2.6,,12.0,,,,,,,0.1
2026-03-19,211,인제,5.9,0.2,12.3,,1.9,5.1,200,9.3,180,52.9,16,1638,,,,,2.8,,,,,,992.0,1016.7,4.4,3.6,-5.1,8.6,,,,,,,,,1646,,1416,1019.9,0901,1536,200,1418,,,1013.2,1631,0225,-5.7,,12.1,,,,,,,8.2
2026-03-20,211,인제,5.7,0.3,13.0,,2.7,5.1,180,10.5,200,49.9,21,1710,,,,,0.0,,,,,,994.5,1019.3,4.4,0.0,-4.6,7.8,,,,,,,,,2351,,1252,1024.2,2349,1506,200,1252,,,1016.5,1449,0629,-6.8,,12.1,,,,,,,9.5
2026-03-21,211,인제,5.6,-3.0,14.8,,1.3,5.0,200,10.2,180,52.6,15,1352,,,,,0.0,,,,,,998.2,1023.1,4.1,0.0,-5.5,6.8,,,,,,,,,1094,,1547,1026.2,0741,1541,180,1505,,,1019.5,1641,0645,-10.8,,12.2,,,,,,,9.5
2026-03-22,211,인제,7.6,0.3,17.8,,0.9,3.6,200,7.0,200,44.6,7,1525,,,,,0.0,,,,,,994.8,1019.4,4.0,4.9,-6.2,9.3,,,,,,,,,779,,1452,1023.9,0113,1534,180,1701,,,1015.1,1531,0354,-6.8,,12.2,,,,,,,6.1
2026-03-23,211,인제,7.3,0.2,15.8,,1.6,5.4,50,11.0,50,48.4,23,1712,,,,,0.9,,,,,,996.3,1021.0,4.7,1.4,-3.6,10.1,,,,,,,,,1417,,1032,1022.8,0734,1502,20,1032,,,1018.9,1519,0554,-6.4,,12.3,,,,,,,9.7
2026-03-24,211,인제,8.8,-0.7,18.7,,1.2,3.2,250,6.1,230,50.3,21,1455,,,,,0.6,,,,,,993.6,1018.1,5.2,7.6,-2.3,11.2,,,,,,,,,1050,,1622,1022.9,0052,1434,20,1623,,,1014.0,1602,0636,-4.9,,12.3,,,,,,,7.5
2026-03-25,211,인제,10.8,3.5,20.4,,1.1,3.2,50,6.1,20,48.0,15,1617,,,,,0.0,,,,,,989.6,1013.8,5.6,2.3,-1.5,13.5,,,,,,,,,956,,1721,1016.2,0746,1634,200,1724,,,1009.7,1532,0720,-1.5,,12.3,,,,,,,9.7
2026-03-26,211,인제,10.4,2.0,20.4,,0.9,4.7,230,9.3,230,52.8,20,1612,,,,,0.0,,,,,,989.9,1014.1,5.9,0.0,-0.6,12.3,,,,,,,,,798,,1316,1017.4,0720,1529,180,1323,,,1009.8,1659,0610,-3.9,,12.4,,,,,,,9.3
2026-03-27,211,인제,11.2,2.0,19.9,,1.5,4.8,200,10.6,230,57.0,34,1426,,,,,0.0,,,,,,988.4,1012.5,7.2,0.0,2.1,12.9,,,,,,,,,1316,,1738,1016.5,0736,1425,180,1420,,,1007.8,1653,0644,-4.3,,12.4,,,,,,,8.8
2026-03-28,211,인제,10.9,2.7,21.2,,1.2,3.6,70,7.1,230,57.0,19,1442,,,,,0.0,,,,,,990.8,1015.0,6.6,0.0,0.9,13.7,,,,,,,,,1069,,1441,1017.5,0751,1500,360,1748,,,1011.0,1634,0619,-4.0,,12.5,,,,,,,9.9
2026-03-29,211,인제,11.1,2.5,21.7,,1.1,3.0,250,6.9,180,50.0,13,1619,,,,,0.0,,,,,,991.8,1016.0,5.7,3.5,-1.1,13.1,,,,,,,,,986,,1252,1019.2,0746,1444,20,1401,,,1012.0,1555,0552,-3.7,,12.5,,,,,,,6.9
2026-03-30,211,인제,12.3,4.4,20.1,0.5,0.9,3.5,70,6.6,70,52.6,22,1225,,,,,6.3,,,,,,989.8,1013.9,7.1,8.5,1.8,12.6,,,,,,,,,812,,2124,1018.4,0755,1405,70,2127,,,1009.5,1902,0553,-2.0,,12.5,,,,,,,0.1
2026-03-31,211,인제,9.2,4.9,11.6,8.7,2.2,6.0,50,10.8,20,82.1,68,1443,,,,,4.1,,,,,,987.9,1012.1,9.5,8.1,6.2,12.2,,,,,,,,,1890,,1128,1015.7,2224,1220,20,1455,,,1008.0,0441,2358,2.7,,12.6,,,,,,,1.5
2026-04-01,211,인제,9.7,4.4,17.2,3.1,1.2,3.2,200,6.3,180,82.9,45,1526,,,,,6.1,,,,,,988.8,1013.1,9.7,7.6,6.4,13.2,,,,,,,1.5,1714,1023,,1618,1016.1,0752,1511,200,1557,1.0,1604,1009.5,1511,0349,1.3,,12.6,,,,,,,2.5
2026-04-02,211,인제,11.5,6.7,17.1,,2.1,4.6,180,10.2,160,61.0,30,1750,,,,,1.6,,,,,,989.6,1013.7,7.8,2.3,3.0,14.3,,,,,,,,,1813,,1527,1017.1,2358,1518,180,1229,,,1010.5,1621,2400,-0.5,,12.7,,,,,,,8.0
2026-04-03,211,인제,12.5,3.6,21.0,,1.1,4.1,200,8.3,180,52.4,28,1409,,,,,1.4,,,,,,988.7,1012.7,7.1,6.4,2.1,14.5,,,,,,,,,967,,1656,1018.0,0222,1522,180,1700,,,1007.7,2358,0620,-2.0,,12.7,,,,,,,9.0
2026-04-04,211,인제,13.6,9.2,19.8,5.4,1.6,3.9,200,7.3,200,68.9,43,1814,,,,,5.3,,,,,,977.4,1001.0,10.4,6.1,7.5,14.3,,,,,,,2.9,705,1352,,1657,1007.8,0004,1543,180,1635,0.7,736,995.8,1533,0711,7.9,,12.7,,,,,,,3.7
2026-04-05,211,인제,12.6,8.0,19.0,7.4,2.1,3.4,250,8.0,200,56.8,23,1451,,,,,1.8,,,,,,983.4,1007.3,7.7,5.3,3.0,15.7,,,,,,,6.1,2251,1772,,0046,1010.4,2343,1521,200,1737,1.4,2318,1004.6,1508,0651,6.5,,12.8,,,,,,,8.7
2026-04-06,211,인제,8.0,3.1,10.8,5.2,1.6,4.1,200,9.9,320,69.8,22,2158,,,,,3.6,,,,,,985.5,1009.9,7.6,6.0,2.5,9.9,,,,,,,3.9,1036,1401,,2140,1012.7,2335,1657,180,1952,1.0,1101,1007.3,1800,2336,-3.8,,12.8,,,,,,,0.7
2026-04-07,211,인제,6.4,-1.0,13.5,,1.7,5.0,200,10.4,230,42.5,15,1019,,,,,0.0,,,,,,990.3,1014.9,3.6,0.0,-7.5,10.2,,,,,,,,,1443,,0925,1018.9,2358,1511,200,1120,,,1012.5,1528,0501,-8.5,,12.9,,,,,,,10.4
2026-04-08,211,인제,8.4,-0.7,17.1,,1.5,4.6,200,9.5,230,51.4,20,1555,,,,,0.0,,,,,,993.0,1017.5,5.1,0.8,-2.6,13.0,,,,,,,,,1274,,1308,1021.7,0653,1629,180,1312,,,1013.9,1601,0600,-7.3,,12.9,,,,,,,10.4
2026-04-09,211,인제,8.6,4.7,13.2,16.6,1.3,3.7,50,7.6,90,78.9,45,1111,,,,,6.0,,,,,,982.8,1007.1,8.8,9.9,4.7,9.6,,,,,,,5.2,1740,1109,,2232,1015.8,0013,1211,70,2239,1.2,1806,998.6,2351,0240,-1.4,,12.9,,,,,,,0.0
2026-04-10,211,인제,10.1,8.2,11.9,8.5,2.8,4.8,180,12.2,180,89.8,78,2304,,,,,8.1,,,,,,976.5,1000.4,11.0,8.9,8.4,11.1,,,,,,,1.9,-2331,2408,,2135,1007.0,2353,1316,200,2048,0.8,49,996.3,0709,0523,8.2,,13.0,,,,,,,0.0
2026-04-11,211,인제,11.3,6.4,17.2,,3.3,6.4,200,13.9,180,64.6,36,1658,,,,,3.4,,,,,,986.0,1010.0,8.3,4.5,4.3,13.3,,,,,,,,,2879,,1430,1015.2,2356,1701,180,1439,,,1006.7,0031,2355,-0.5,,13.0,,,,,,,8.3
2026-04-12,211,인제,13.1,2.3,24.0,,1.4,4.4,200,8.7,160,54.5,18,1331,,,,,0.0,,,,,,990.9,1014.9,7.0,1.3,1.7,15.7,,,,,,,,,1202,,1328,1018.3,0546,1610,180,1329,,,1010.5,1717,0603,-4.3,,13.1,,,,,,,10.5
2026-04-13,211,인제,14.6,5.9,23.7,,1.4,4.5,50,8.1,50,47.5,17,1510,,,,,0.0,,,,,,992.2,1016.1,6.9,2.6,1.7,17.4,,,,,,,,,1237,,1149,1018.8,0729,1343,20,1124,,,1013.4,1559,0554,-0.7,,13.1,,,,,,,10.0
2026-04-14,211,인제,13.6,6.5,21.7,,2.8,5.3,20,10.2,20,59.4,34,1256,,,,,0.0,,,,,,990.5,1014.5,8.9,4.1,5.2,16.2,,,,,,,,,2434,,1307,1017.1,0729,1243,20,1430,,,1011.2,1610,0538,3.6,,13.1,,,,,,,10.4
2026-04-15,211,인제,13.8,5.9,26.6,,2.9,6.9,70,14.5,70,63.8,23,1406,,,,,0.6,,,,,,990.0,1013.9,9.2,2.0,5.7,18.4,,,,,,,,,2545,,1920,1019.9,2326,1427,50,1920,,,1008.4,1424,0550,3.9,,13.2,,,,,,,10.1
2026-04-16,211,인제,15.3,7.2,25.5,,2.2,4.1,20,7.5,50,51.1,17,1459,,,,,0.1,,,,,,994.4,1018.3,8.0,4.6,3.6,17.9,,,,,,,,,1922,,0035,1021.8,0735,1413,70,0002,,,1015.0,1630,0618,4.3,,13.2,,,,,,,9.5
2026-04-17,211,인제,14.8,9.0,21.3,,1.9,4.0,200,9.4,230,53.9,28,1036,,,,,4.6,,,,,,990.1,1014.0,8.5,5.5,4.6,17.5,,,,,,,,,1662,,1640,1017.4,0001,1224,200,1654,,,1010.8,1517,0417,4.6,,13.3,,,,,,,4.1
2026-04-18,211,인제,16.6,6.5,27.6,,1.1,3.3,200,6.4,230,56.4,18,1517,,,,,0.0,,,,,,990.9,1014.6,9.2,2.1,5.6,20.0,,,,,,,,,917,,1516,1018.0,0741,1439,180,1632,,,1010.4,1551,0610,-0.1,,13.3,,,,,,,10.5
2026-04-19,211,인제,18.8,9.3,29.7,,0.9,3.1,200,7.1,230,48.4,16,1425,,,,,0.0,,,,,,988.4,1011.8,8.9,2.0,5.2,21.6,,,,,,,,,807,,1553,1015.7,0039,1421,200,1600,,,1007.2,1713,0554,4.0,,13.3,,,,,,,10.3
2026-04-20,211,인제,12.9,7.0,18.7,2.0,2.2,5.0,200,11.0,200,64.3,36,2215,,,,,2.4,,,,,,986.1,1010.0,9.6,3.6,6.0,13.4,,,,,,,2.0,1354,1880,,1633,1015.9,2358,1202,180,1736,0.7,1418,1005.6,1613,2357,1.2,,13.4,,,,,,,1.5
2026-04-21,211,인제,11.5,2.6,18.1,,3.0,6.5,200,12.4,180,43.9,25,1605,,,,,0.0,,,,,,992.1,1016.3,5.6,4.6,-1.3,14.8,,,,,,,,,2592,,1830,1019.5,0701,1412,200,1412,,,1012.9,1728,0507,-3.1,,13.4,,,,,,,8.7
2026-04-22,211,인제,12.2,6.9,19.2,,1.7,4.8,180,12.7,200,44.8,21,1143,,,,,1.6,,,,,,989.6,1013.6,6.0,7.8,-0.6,15.8,,,,,,,,,1502,,1523,1017.2,0053,1402,180,1455,,,1009.6,1802,0555,2.1,,13.4,,,,,,,4.2
2026-04-23,211,인제,12.4,6.2,19.0,,2.4,6.3,20,10.8,20,41.5,18,1605,,,,,0.1,,,,,,989.4,1013.4,5.4,4.9,-2.0,17.6,,,,,,,,,2040,,0426,1016.7,2357,1052,20,0448,,,1010.9,1550,2359,0.9,,13.5,,,,,,,
2026-04-24,211,인제,13.4,2.0,25.1,,1.7,4.1,70,7.0,70,44.6,10,1302,,,,,0.0,,,,,,992.3,1016.3,5.4,0.0,-2.1,19.4,,,,,,,,,1449,,1903,1019.5,2350,1601,20,1911,,,1012.4,1532,0551,-2.3,,13.5,,,,,,,10.7
2026-04-25,211,인제,14.9,4.1,25.7,,1.3,3.8,230,7.9,250,47.1,11,1511,,,,,0.0,,,,,,993.9,1017.8,6.5,0.0,0.5,20.6,,,,,,,,,1108,,1547,1022.1,0708,1348,200,1547,,,1013.5,1623,0552,-2.1,,13.6,,,,,,,10.5
2026-04-26,211,인제,15.2,4.9,25.4,,1.2,4.1,200,8.1,230,44.5,15,1618,,,,,0.0,,,,,,988.6,1012.4,6.6,1.4,0.8,21.3,,,,,,,,,1072,,1605,1017.0,0026,1401,180,1322,,,1007.8,1623,0520,-2.6,,13.6,,,,,,,10.4
2026-04-27,211,인제,14.3,7.7,24.2,2.2,1.2,4.9,230,13.0,230,60.5,16,1240,,,,,4.5,,,,,,987.2,1011.0,9.0,6.5,5.1,18.5,,,,,,,1.4,2135,1074,,1708,1013.6,0732,1343,20,1955,0.5,2138,1007.5,1538,0454,1.3,,13.6,,,,,,,4.7
2026-04-28,211,인제,10.3,7.1,14.0,2.7,1.2,3.6,70,7.0,230,85.9,63,1134,,,,,7.5,,,,,,989.0,1013.2,10.6,9.1,7.9,13.2,,,,,,,1.7,1221,1009,,0925,1018.2,2341,1155,50,1251,0.7,1223,1009.1,0406,2158,4.2,,13.7,,,,,,,0.1
2026-04-29,211,인제,12.3,6.1,19.7,,1.0,2.8,200,6.4,230,65.1,27,1342,,,,,2.3,,,,,,993.5,1017.7,8.7,6.4,4.9,17.7,,,,,,,,,852,,1245,1020.0,0853,1538,20,1627,,,1014.8,1553,0440,4.0,,13.7,,,,,,,7.8
2026-04-30,211,인제,14.7,6.8,23.5,0.0,1.1,3.4,50,6.2,50,53.4,22,1336,,,,,4.1,,,,,,989.6,1013.4,8.0,7.0,3.7,20.4,,,,,,,0.0,,953,,1518,1019.1,0254,1409,20,1518,0.0,,1009.2,1633,0618,3.0,,13.7,,,,,,,7.7
2026-05-01,211,인제,17.2,9.9,26.1,0.2,1.8,4.6,230,9.9,200,53.0,24,1531,,,,,3.6,,,,,,983.0,1006.4,9.4,4.8,6.0,20.4,,,,,,,0.2,,1588,,1559,1010.2,2356,1542,200,1604,0.2,,1002.5,1527,0311,8.6,,13.8,,,,,,,7.6
2026-05-02,211,인제,16.5,9.8,23.3,0.4,1.6,3.7,200,8.9,270,60.3,39,1541,,,,,2.8,,,,,,986.5,1010.1,10.9,7.6,8.1,21.9,,,,,,,0.6,2312,1382,,2235,1012.6,0648,1540,180,1631,0.2,,1007.1,1638,0526,3.6,,13.8,,,,,,,3.9
2026-05-03,211,인제,11.4,9.4,13.9,25.2,0.9,3.7,70,6.0,50,94.1,86,1533,,,,,6.0,,,,,,978.7,1002.5,12.7,10.0,10.5,15.0,,,,,,,4.8,2058,778,,2240,1010.0,0001,0001,70,2244,1.8,2100,999.3,1600,2400,8.9,,13.9,,,,,,,0.0
2026-05-04,211,인제,11.1,6.5,18.7,9.6,1.1,3.4,230,7.6,200,70.8,28,1604,,,,,4.5,,,,,,986.7,1010.8,8.7,5.0,4.7,14.8,,,,,,,4.2,-2346,983,,1659,1017.7,2359,1503,200,1639,0.9,20,1002.1,0001,2349,0.3,,13.9,,,,,,,4.7
2026-05-05,211,인제,12.5,3.8,21.3,,1.6,4.3,180,10.7,230,58.5,22,1833,,,,,0.0,,,,,,992.5,1016.6,7.4,0.0,2.6,17.7,,,,,,,,,1381,,1720,1020.2,0647,1445,200,1533,,,1012.5,1626,0612,-1.9,,13.9,,,,,,,10.0
2026-05-06,211,인제,15.2,4.5,23.2,,1.9,4.4,180,10.2,160,57.5,38,1419,,,,,0.0,,,,,,991.1,1014.9,9.4,2.5,5.9,20.1,,,,,,,,,1648,,1633,1019.0,0701,1417,180,1636,,,1010.9,1746,0533,-1.4,,13.9,,,,,,,10.9
2026-05-07,211,인제,15.4,10.6,22.0,2.0,1.8,3.9,180,9.7,290,67.5,30,1316,,,,,4.1,,,,,,986.7,1010.4,11.3,9.0,8.7,18.1,,,,,,,2.5,2318,1544,,1427,1013.9,0600,1255,180,1000,1.8,2353,1007.4,1641,0546,6.4,,14.0,,,,,,,4.5
2026-05-08,211,인제,12.9,7.3,18.5,1.1,1.7,5.0,230,12.3,360,57.0,27,1304,,,,,2.5,,,,,,988.3,1012.3,8.0,2.9,3.4,15.7,,,,,,,1.1,1,1507,,1112,1018.4,2356,1332,200,0825,0.7,1,1008.8,0246,2347,1.4,,14.0,,,,,,,6.2
2026-05-09,211,인제,13.5,3.7,22.3,,1.1,4.1,200,9.2,230,58.3,24,1407,,,,,0.9,,,,,,994.1,1018.1,8.0,1.6,3.6,19.7,,,,,,,,,958,,1627,1021.3,0722,1508,160,1523,,,1014.2,1621,0514,-1.8,,14.0,,,,,,,10.8
2026-05-10,211,인제,14.5,6.4,24.1,,1.0,3.6,270,7.7,200,54.6,21,1401,,,,,1.8,,,,,,992.9,1016.8,8.0,4.0,3.8,19.1,,,,,,,,,848,,1406,1020.4,0346,1405,180,1422,,,1012.9,1805,0528,1.1,,14.1,,,,,,,8.5
2026-05-11,211,인제,14.5,7.3,19.6,0.2,1.0,2.9,180,7.1,160,76.3,59,0859,,,,,5.4,,,,,,990.3,1014.2,12.7,7.4,10.1,18.1,,,,,,,0.2,,821,,1853,1017.5,0632,1330,180,1902,0.2,,1011.1,1736,0436,1.2,,14.1,,,,,,,0.5
2026-05-12,211,인제,17.7,13.1,24.6,1.2,0.9,2.7,230,5.7,230,75.6,44,1718,,,,,3.4,,,,,,985.4,1008.8,14.7,3.9,12.7,24.1,,,,,,,1.2,54,746,,1329,1012.6,0020,1649,200,1335,0.8,140,1004.9,1711,0512,7.7,,14.1,,,,,,,6.8
2026-05-13,211,인제,18.9,10.9,28.2,,1.1,2.9,200,6.0,200,68.8,32,1524,,,,,0.0,,,,,,985.4,1008.8,14.0,0.4,11.9,24.9,,,,,,,,,938,,1551,1011.7,2350,1502,180,1517,,,1005.5,1551,0405,6.2,,14.2,,,,,,,9.2
2026-05-14,211,인제,18.3,13.0,25.2,,2.6,5.7,50,10.3,20,68.4,42,1622,,,,,0.0,,,,,,992.9,1016.5,13.9,0.0,11.8,25.0,,,,,,,,,2267,,1136,1020.9,2359,1543,50,1229,,,1011.6,0001,2357,8.7,,14.2,,,,,,,11.5
2026-05-15,211,인제,19.6,10.2,30.5,,1.1,2.9,250,6.3,230,62.9,29,1522,,,,,0.0,,,,,,996.9,1020.5,13.3,0.0,11.1,26.3,,,,,,,,,915,,1642,1023.8,0659,1517,20,1419,,,1016.5,1551,0517,6.5,,14.2,,,,,,,11.2
2026-05-16,211,인제,20.8,12.1,29.8,,1.2,3.9,200,7.9,200,63.1,30,1307,,,,,0.0,,,,,,996.8,1020.3,14.1,0.6,12.1,26.8,,,,,,,,,1000,,1332,1023.4,0613,1541,200,1526,,,1016.6,1726,0542,6.6,,14.3,,,,,,,11.3
2026-05-17,211,인제,20.4,12.0,29.7,,0.9,2.8,200,6.3,230,58.8,24,1437,,,,,0.4,,,,,,995.0,1018.4,12.6,3.0,10.3,27.3,,,,,,,,,753,,1548,1021.9,0706,1510,200,1042,,,1014.5,1743,0524,6.1,,14.3,,,,,,,10.7
2026-05-18,211,인제,20.8,11.1,29.7,,1.1,3.9,250,7.3,250,56.6,25,1358,,,,,0.3,,,,,,992.1,1015.5,12.5,4.8,10.2,27.5,,,,,,,,,919,,1523,1018.6,0106,1601,160,1107,,,1012.3,1738,0527,5.0,,14.3,,,,,,,10.5
2026-05-19,211,인제,20.2,14.9,26.0,,1.0,3.5,50,6.3,20,57.4,33,1314,,,,,1.9,,,,,,990.9,1014.3,13.2,9.6,11.1,23.8,,,,,,,,,875,,2040,1015.9,0654,1321,50,1740,,,1011.4,1617,0528,11.5,,14.3,,,,,,,1.1
2026-05-20,211,인제,15.5,13.9,18.9,50.9,1.5,3.0,50,5.7,50,85.5,57,0005,,,,,6.6,,,,,,987.6,1011.3,14.9,10.0,12.8,17.3,,,,,,,6.0,2200,1318,,1231,1014.3,0001,0008,50,1239,1.3,2231,1007.5,2338,1903,13.5,,14.4,,,,,,,0.0
2026-05-21,211,인제,15.4,13.9,17.5,18.5,3.1,5.5,20,11.2,20,84.8,72,1558,,,,,7.9,,,,,,984.6,1008.3,14.7,9.6,12.7,17.0,,,,,,,5.5,415,2690,,1250,1012.7,2341,1316,20,1131,2.0,416,1004.8,0519,2358,12.8,,14.4,,,,,,,0.0
2026-05-22,211,인제,16.8,11.4,23.8,,2.2,4.9,20,11.4,50,61.4,24,1624,,,,,0.0,,,,,,990.3,1014.0,10.9,3.9,8.1,20.5,,,,,,,,,1905,,1313,1015.2,0755,1515,50,1352,,,1012.4,1610,0531,6.7,,14.4,,,,,,,11.6
2026-05-23,211,인제,15.0,9.7,21.4,0.0,1.7,3.6,20,6.9,20,75.6,47,1506,,,,,1.9,,,,,,989.5,1013.3,12.6,5.8,10.4,19.8,,,,,,,0.0,,1482,,1642,1015.5,2230,1526,50,1654,0.0,,1010.8,1618,0339,6.8,,14.4,,,,,,,3.8
2026-05-24,211,인제,18.4,10.7,27.9,,1.2,2.9,200,6.1,230,71.4,38,1429,,,,,1.6,,,,,,990.2,1013.7,14.3,2.3,12.2,24.5,,,,,,,,,1004,,1355,1016.8,0807,1530,360,1201,,,1010.0,1639,0200,6.7,,14.5,,,,,,,9.3
2026-05-25,211,인제,20.6,12.6,29.0,,1.0,2.7,250,4.7,250,71.9,40,1333,,,,,0.8,,,,,,987.5,1010.8,16.7,6.4,14.6,25.3,,,,,,,,,840,,1616,1014.2,0410,1525,20,1625,,,1007.4,1803,0518,8.6,,14.5,,,,,,,8.1
2026-05-26,211,인제,20.6,17.0,27.4,1.0,1.3,3.2,20,7.2,20,78.0,55,1308,,,,,4.4,,,,,,984.9,1008.1,18.7,9.6,16.4,22.8,,,,,,,0.8,2113,1124,,1317,1010.1,0640,1305,70,1426,0.2,,1006.1,1322,0356,13.7,,14.5,,,,,,,0.0
2026-05-27,211,인제,17.7,15.8,20.4,1.8,1.9,4.6,70,9.5,20,85.8,73,1209,,,,,9.8,,,,,,983.0,1006.4,17.3,9.9,15.2,19.7,,,,,,,1.4,1658,1678,,1655,1008.4,0001,1205,70,1622,0.4,1735,1005.1,2349,2304,15.5,,14.5,,,,,,,0.0
2026-05-28,211,인제,19.4,15.3,26.3,3.5,1.2,3.7,200,7.6,230,82.0,48,1803,,,,,4.8,,,,,,979.6,1002.8,17.9,5.5,15.7,22.5,,,,,,,2.2,40,1009,,1626,1005.5,2346,1631,180,1614,0.7,41,999.7,1619,0425,12.2,,14.6,,,,,,,4.3
2026-05-29,211,인제,20.2,13.5,27.7,,1.5,5.5,200,11.6,230,61.5,27,1452,,,,,0.0,,,,,,984.1,1007.3,13.5,0.1,11.2,25.7,,,,,,,,,1254,,1529,1009.5,0604,1537,160,1532,,,1004.3,1528,0545,9.0,,14.6,,,,,,,11.8
2026-05-30,211,인제,20.7,11.3,29.5,,1.6,5.0,200,10.6,200,58.6,31,1414,,,,,0.0,,,,,,986.0,1009.2,13.1,0.0,10.9,26.1,,,,,,,,,1389,,1440,1012.3,2359,1535,180,1435,,,1006.0,1601,0504,6.4,,14.6,,,,,,,11.8
2026-05-31,211,인제,21.1,12.1,30.2,,1.1,4.3,180,9.5,140,59.1,25,1407,,,,,0.0,,,,,,989.8,1013.1,13.1,1.5,10.9,27.2,,,,,,,,,984,,1308,1015.2,2355,1539,180,1344,,,1010.3,1541,0501,6.6,,14.6,,,,,,,11.9
2026-06-01,211,인제,18.8,13.3,26.0,,0.6,1.9,180,4.2,230,69.1,40,1522,,,,,1.1,,,,,,990.4,1013.9,14.4,7.5,12.4,22.4,,,,,,,,,497,,1250,1015.8,0830,1503,160,1252,,,1011.4,1740,0442,8.4,,14.6,,,,,,,0.1
2026-06-02,211,인제,21.7,12.3,31.8,,1.0,2.7,230,5.0,230,64.9,31,1555,,,,,0.4,,,,,,983.9,1007.0,15.6,1.8,13.6,27.8,,,,,,,,,893,,1551,1014.2,0001,1610,20,1557,,,1002.1,1746,0424,7.5,,14.7,,,,,,,10.6
2026-06-03,211,인제,22.2,15.0,30.4,,1.7,4.2,50,7.2,20,69.6,38,1148,,,,,1.4,,,,,,980.7,1003.7,17.8,5.3,15.6,27.1,,,,,,,,,1435,,1308,1005.3,2322,1331,70,1310,,,1001.7,1301,0513,10.7,,14.7,,,,,,,5.8
2026-06-04,211,인제,21.2,17.6,26.1,17.2,1.7,3.5,70,7.1,90,80.0,62,1151,,,,,5.5,,,,,,978.7,1001.6,19.9,8.4,17.4,25.8,,,,,,,13.8,1729,1502,,1351,1005.4,0010,1635,70,1359,7.1,1728,997.1,1648,2332,17.1,,14.7,,,,,,,2.0
2026-06-05,211,인제,19.5,12.9,24.2,,1.8,5.1,180,11.1,230,65.8,35,1617,,,,,2.0,,,,,,982.3,1005.6,14.4,2.6,12.1,23.3,,,,,,,,,1572,,1355,1012.0,2337,1601,200,1247,,,1001.0,0139,2357,8.0,,14.7,,,,,,,7.7
2026-06-06,211,인제,18.6,10.1,26.6,0.0,1.2,4.3,360,8.1,360,59.8,27,1236,,,,,2.4,,,,,,990.1,1013.6,11.9,5.5,9.5,24.4,,,,,,,0.0,,1055,,1549,1015.9,0651,1428,50,1529,0.0,,1011.1,1452,0501,5.5,,14.7,,,,,,,9.6
2026-06-07,211,인제,18.9,15.4,22.4,0.4,1.6,3.7,20,6.5,20,69.9,56,1126,,,,,7.3,,,,,,986.8,1010.2,15.1,9.5,13.1,21.3,,,,,,,0.4,2149,1422,,1216,1013.6,0001,1633,20,1837,0.3,2235,1006.4,1724,0418,13.7,,14.7,,,,,,,0.7
2026-06-08,211,인제,18.3,14.9,25.9,,1.6,5.3,50,9.8,70,75.1,35,1427,,,,,3.4,,,,,,983.6,1006.9,15.4,6.5,13.4,23.3,,,,,,,,,1372,,1439,1009.0,0001,1433,50,1448,,,1004.1,1400,0342,12.5,,14.7,,,,,,,4.6
2026-06-09,211,인제,18.2,12.7,26.0,0.0,1.4,3.5,180,8.0,200,68.5,37,1243,,,,,4.6,,,,,,984.4,1007.7,13.7,5.0,11.6,24.4,,,,,,,0.0,,1245,,1448,1009.8,0656,1335,200,1440,0.0,,1005.1,1431,0238,10.1,,14.8,,,,,,,5.3
2026-06-10,211,인제,18.6,12.2,25.4,19.3,1.3,3.8,180,8.2,200,72.3,41,1608,,,,,3.4,,,,,,984.7,1008.0,14.7,5.1,12.7,25.7,,,,,,,9.4,2248,1156,,1033,1010.2,2344,1603,180,1118,4.1,2048,1005.3,1622,0342,7.6,,14.8,,,,,,,9.3
2026-06-11,211,인제,18.7,14.1,24.7,0.3,1.4,4.4,250,8.0,200,75.0,46,1442,,,,,1.1,,,,,,986.9,1010.2,15.6,4.6,13.6,24.0,,,,,,,0.3,1,1237,,1416,1012.6,2400,1451,200,1553,0.3,18,1007.7,1539,0514,12.2,,14.8,,,,,,,6.7
2026-06-12,211,인제,19.6,14.3,26.2,,1.5,4.4,200,10.4,180,68.9,42,1443,,,,,1.0,,,,,,988.9,1012.2,15.0,1.6,13.0,23.9,,,,,,,,,1338,,1558,1014.3,0801,1613,200,1313,,,1009.4,1722,0304,10.5,,14.8,,,,,,,5.9
2026-06-13,211,인제,20.9,12.4,29.9,,1.0,3.3,230,5.6,230,62.6,27,1636,,,,,0.0,,,,,,988.2,1011.4,14.4,1.6,12.4,27.1,,,,,,,,,876,,1405,1014.6,0633,1546,360,1126,,,1007.7,1655,0454,7.6,,14.8,,,,,,,12.0
2026-06-14,211,인제,19.7,13.8,30.3,1.8,1.3,3.5,90,8.0,70,74.0,33,1507,,,,,1.9,,,,,,988.6,1012.0,16.1,6.6,14.1,27.2,,,,,,,1.5,1533,1083,,1537,1013.8,2300,1459,360,1536,0.6,1609,1008.7,1447,0446,9.7,,14.8,,,,,,,5.6
2026-06-15,211,인제,21.8,14.9,30.4,,1.5,3.4,70,6.5,20,65.5,28,1358,,,,,0.8,,,,,,990.2,1013.4,15.8,2.3,13.8,28.3,,,,,,,,,1284,,1504,1015.8,2349,1455,20,1522,,,1010.7,1540,0558,14.0,,14.8,,,,,,,11.6
2026-06-16,211,인제,22.3,14.1,31.4,,1.3,2.8,250,5.4,110,66.4,33,1425,,,,,1.9,,,,,,990.5,1013.6,17.2,3.8,15.1,29.8,,,,,,,,,1120,,1442,1016.8,0624,1412,360,1331,,,1010.4,1603,0502,12.2,,14.8,,,,,,,9.4
2026-06-17,211,인제,24.2,16.2,32.5,,1.1,2.8,320,5.4,160,62.6,30,1256,,,,,2.4,,,,,,987.2,1010.1,17.8,4.9,15.6,31.7,,,,,,,,,930,,1544,1014.2,0539,1456,20,1334,,,1006.4,1804,0518,13.7,,14.8,,,,,,,8.8
2026-06-18,211,인제,25.1,19.4,31.8,,1.2,3.1,250,6.0,230,64.5,40,1406,,,,,1.0,,,,,,984.9,1007.7,19.6,2.3,17.2,32.7,,,,,,,,,1057,,1206,1009.3,0455,1654,20,1141,,,1005.2,1719,0545,17.2,,14.8,,,,,,,9.3
2026-06-19,211,인제,24.0,18.0,31.9,1.8,1.5,4.2,50,8.4,70,74.4,42,1225,,,,,2.4,,,,,,984.7,1007.6,21.2,7.0,18.4,31.4,,,,,,,1.8,1801,1301,,1725,1010.3,0518,1221,20,1708,0.9,1835,1005.2,1455,0518,15.8,,14.8,,,,,,,6.1
2026-06-20,211,인제,19.7,18.3,21.2,52.9,2.6,4.4,360,10.8,320,84.5,73,2052,,,,,8.0,,,,,,977.9,1000.9,19.4,10.0,16.9,21.1,,,,,,,8.6,641,2227,,0617,1006.1,0001,0301,50,0627,2.4,1027,997.4,1329,0713,17.6,,14.8,,,,,,,0.0
2026-06-21,211,인제,20.4,17.3,25.7,,2.1,4.1,20,7.6,20,70.6,50,1557,,,,,4.6,,,,,,986.0,1009.3,16.6,9.0,14.6,23.2,,,,,,,,,1779,,1022,1011.2,2256,1610,20,1034,,,1005.4,0001,2346,15.9,,14.8,,,,,,,3.4
2026-06-22,211,인제,20.4,16.7,25.7,,2.2,4.2,70,8.3,70,74.8,59,1356,,,,,4.5,,,,,,986.9,1010.2,17.6,8.3,15.5,24.7,,,,,,,,,1883,,1610,1012.4,2236,1354,50,1705,,,1008.1,1353,0142,14.8,,14.8,,,,,,,4.5
2026-06-23,211,인제,20.9,16.2,27.4,,1.9,3.7,50,6.9,20,62.6,35,1605,,,,,0.0,,,,,,988.6,1011.9,14.7,1.5,12.7,28.0,,,,,,,,,1663,,1110,1014.2,2254,1456,50,0935,,,1009.5,1623,0508,13.5,,14.8,,,,,,,11.9
2026-06-24,211,인제,19.4,13.5,25.6,,2.0,4.2,20,8.4,20,69.3,44,1230,,,,,0.8,,,,,,986.9,1010.2,15.1,5.4,13.1,24.2,,,,,,,,,1693,,1152,1013.6,0001,1209,50,1159,,,1007.6,1704,0512,11.1,,14.8,,,,,,,8.4
2026-06-25,211,인제,17.2,14.8,20.8,12.5,1.9,3.1,50,5.7,70,87.9,74,1307,,,,,7.9,,,,,,983.2,1006.6,17.2,8.5,15.1,19.9,,,,,,,4.4,2201,1640,,1846,1009.4,0006,1231,50,0131,2.3,2239,1004.6,1535,0128,13.0,,14.8,,,,,,,0.0
2026-06-26,211,인제,20.0,14.9,26.5,,1.4,3.9,50,6.8,20,69.8,36,1754,,,,,0.5,,,,,,982.8,1006.0,15.5,2.0,13.4,25.2,,,,,,,,,1220,,1237,1007.9,2205,1534,360,1243,,,1004.4,1503,2359,12.3,,14.8,,,,,,,10.3
2026-06-27,211,인제,20.1,13.0,30.5,,1.2,2.5,20,5.1,20,71.1,40,1530,,,,,0.5,,,,,,983.1,1006.3,16.0,5.1,14.0,24.2,,,,,,,,,1051,,1622,1008.3,2353,1346,20,1625,,,1003.5,1408,0517,10.8,,14.8,,,,,,,7.9
2026-06-28,211,인제,22.1,12.5,32.7,,1.4,3.0,50,5.1,20,60.4,26,1550,,,,,0.3,,,,,,985.9,1009.0,14.5,2.5,12.5,28.5,,,,,,,,,1195,,0533,1011.8,2358,1502,20,0528,,,1006.0,1550,0532,9.4,,14.8,,,,,,,11.3
2026-06-29,211,인제,22.9,14.9,31.8,,1.8,3.7,20,7.6,20,62.0,31,1540,,,,,2.0,,,,,,988.7,1011.7,16.6,4.8,14.5,30.2,,,,,,,,,1576,,1553,1013.6,0641,1335,20,1558,,,1009.3,1520,0538,13.0,,14.8,,,,,,,11.7
2026-06-30,211,인제,23.2,18.1,32.0,,1.7,4.0,20,6.6,180,69.3,39,1432,,,,,3.3,,,,,,988.2,1011.2,19.1,7.3,16.8,31.0,,,,,,,,,1490,,1632,1013.7,0528,1414,50,1528,,,1007.7,1512,0525,16.8,,14.8,,,,,,,9.4
2026-07-01,211,인제,22.6,18.0,28.8,,2.1,5.2,20,9.4,20,68.8,47,1337,,,,,2.8,,,,,,985.1,1008.1,18.4,7.1,16.2,29.4,,,,,,,,,1855,,1623,1011.1,0001,1442,50,1628,,,1005.2,1708,0517,17.2,,14.8,,,,,,,6.8
2026-07-02,211,인제,21.9,18.6,25.2,1.7,1.0,2.1,50,4.1,90,79.9,64,1444,,,,,5.3,,,,,,987.3,1010.4,20.7,9.4,18.0,26.4,,,,,,,1.0,2301,840,,0010,1012.2,2341,1631,20,0011,0.7,2304,1008.8,0236,0534,17.9,,14.8,,,,,,,0.5
2026-07-03,211,인제,23.3,19.4,28.6,0.1,1.1,3.6,200,6.5,200,78.9,55,1732,,,,,3.4,,,,,,987.2,1010.2,22.0,6.1,19.0,28.0,,,,,,,0.1,,945,,1423,1012.4,0541,1627,180,1414,0.1,,1008.0,1758,0505,17.6,,14.8,,,,,,,4.8
2026-07-04,211,인제,24.1,20.2,28.5,,1.0,2.5,200,5.3,160,76.1,57,1332,,,,,3.5,,,,,,983.6,1006.5,22.5,6.9,19.4,28.1,,,,,,,,,897,,1000,1009.2,0001,1326,200,1043,,,1004.2,1737,0247,17.8,,14.8,,,,,,,2.7
2026-07-05,211,인제,24.9,20.8,30.0,0.0,1.0,3.6,200,6.4,180,78.9,56,1033,,,,,2.8,,,,,,981.3,1004.1,24.4,6.9,20.7,30.6,,,,,,,0.0,,874,,1237,1006.6,0001,1108,200,1258,0.0,,1002.0,1558,0549,19.3,,14.7,,,,,,,4.8
2026-07-06,211,인제,24.9,22.1,30.2,1.4,0.9,3.9,230,7.3,200,85.6,60,1310,,,,,4.1,,,,,,982.0,1004.8,26.6,7.4,22.1,29.3,,,,,,,0.7,224,769,,1548,1006.8,2335,1322,200,1556,0.6,1547,1003.0,1309,0151,20.3,,14.7,,,,,,,3.1
2026-07-07,211,인제,26.1,22.1,32.4,0.8,1.0,3.8,250,7.4,290,79.3,52,1459,,,,,3.1,,,,,,983.3,1006.0,26.1,8.1,21.8,31.6,,,,,,,0.7,701,848,,1323,1007.7,0734,1457,360,1434,0.4,743,1004.3,1803,0253,20.2,,14.7,,,,,,,3.4
2026-07-08,211,인제,23.2,21.2,25.9,17.5,1.4,3.7,200,8.2,180,88.9,74,1753,,,,,5.0,,,,,,982.4,1005.3,25.0,9.1,21.1,24.1,,,,,,,8.0,651,1168,,1141,1007.1,2335,1751,200,1503,2.8,729,1003.8,0444,0740,18.9,,14.7,,,,,,,0.0
2026-07-09,211,인제,22.5,21.5,24.5,1.8,1.2,3.9,250,7.3,230,91.1,76,1600,,,,,6.0,,,,,,985.7,1008.7,24.6,9.1,20.8,24.2,,,,,,,0.4,1053,1061,,1027,1010.4,2327,1227,180,1059,0.3,2315,1006.7,0524,2252,20.2,,14.7,,,,,,,0.0
2026-07-10,211,인제,23.5,21.2,25.3,12.1,1.0,2.8,200,5.3,160,93.6,85,1027,,,,,5.8,,,,,,987.6,1010.6,26.9,8.8,22.3,25.1,,,,,,,2.7,1341,904,,1227,1012.4,2329,1748,200,1558,0.9,1234,1009.0,0206,0144,21.3,,14.7,,,,,,,0.0
2026-07-11,211,인제,26.6,22.9,32.1,,1.6,4.0,200,7.7,200,79.5,52,1406,,,,,2.5,,,,,,988.2,1011.0,26.9,7.4,22.3,29.3,,,,,,,,,1343,,1149,1012.2,0002,1546,200,1714,,,1009.6,1736,0149,21.7,,14.6,,,,,,,6.3
2026-07-12,211,인제,27.3,22.2,33.4,,1.1,4.1,180,9.3,160,78.5,52,1616,,,,,2.0,,,,,,987.5,1010.2,27.6,6.5,22.7,30.6,,,,,,,,,956,,1602,1011.9,0632,1539,180,1604,,,1008.2,1543,0459,20.6,,14.6,,,,,,,7.6
2026-07-13,211,인제,27.1,23.1,32.3,,1.2,3.2,200,7.0,180,78.3,55,1656,,,,,2.1,,,,,,985.9,1008.5,27.4,2.9,22.6,31.1,,,,,,,,,1011,,1727,1010.4,0615,1606,180,1813,,,1006.1,1719,0513,20.6,,14.6,,,,,,,3.6
2026-07-14,211,인제,28.0,23.8,32.2,8.8,2.5,4.6,200,10.4,230,72.6,56,1553,,,,,7.3,,,,,,979.8,1002.2,26.9,8.3,22.3,30.4,,,,,,,8.7,2310,2137,,1534,1007.7,0108,1417,200,1533,2.2,2326,995.5,2353,0100,22.6,,14.6,,,,,,,2.0
2026-07-15,211,인제,25.6,22.9,28.1,11.0,3.1,5.6,200,12.7,230,81.8,70,1405,,,,,7.3,,,,,,976.2,998.8,26.7,8.0,22.1,26.1,,,,,,,7.4,-2331,2669,,0116,1003.1,2326,1403,180,0123,2.4,1,994.6,0031,2335,22.0,,14.6,,,,,,,0.3
2026-07-16,211,인제,25.4,21.5,31.1,,1.3,3.6,200,6.9,200,78.9,56,1409,,,,,0.8,,,,,,980.1,1002.8,25.1,5.1,21.2,29.2,,,,,,,,,1145,,1429,1004.4,0543,1404,200,1437,,,1000.7,1816,0548,20.3,,14.5,,,,,,,5.9
2026-07-17,211,인제,25.4,21.7,31.3,0.0,1.5,4.2,20,8.1,50,71.6,46,1251,,,,,5.8,,,,,,979.2,1001.9,22.7,8.9,19.4,29.5,,,,,,,0.0,,1265,,1523,1003.7,0013,1239,50,1526,0.0,,1000.1,1439,0214,19.6,,14.5,,,,,,,1.8
2026-07-18,211,인제,20.7,17.7,24.3,140.0,1.6,3.5,50,7.4,20,90.1,64,0210,,,,,6.8,,,,,,978.7,1001.7,21.9,9.8,18.9,23.2,,,,,,,33.5,643,1381,,0516,1003.3,2152,1603,50,0421,11.7,710,999.2,0831,0430,17.2,,14.5,,,,,,,0.0
2026-07-19,211,인제,23.8,20.5,30.3,2.3,1.4,3.0,70,5.9,90,83.6,55,1626,,,,,4.1,,,,,,981.5,1004.3,24.3,9.0,20.6,27.4,,,,,,,1.1,721,1210,,1827,1006.6,2253,1611,70,1830,0.6,723,1002.1,1611,0201,20.2,,14.5,,,,,,,3.9
2026-07-20,211,인제,22.6,21.5,24.5,9.1,0.8,1.4,50,2.7,70,93.6,84,1206,,,,,5.9,,,,,,984.0,1007.0,25.5,9.6,21.4,24.7,,,,,,,3.9,922,656,,0033,1008.3,0737,1344,360,1106,1.0,1446,1006.0,0129,0538,20.8,,14.5,,,,,,,0.0
2026-07-21,211,인제,24.3,22.0,25.8,22.7,1.2,3.5,230,6.3,200,93.5,86,1235,,,,,7.0,,,,,,983.0,1005.9,28.3,9.4,23.1,25.6,,,,,,,11.7,1303,1062,,1929,1007.1,2336,1154,180,1826,3.9,1331,1004.6,1235,0137,22.1,,14.4,,,,,,,0.0
2026-07-22,211,인제,25.6,22.5,30.5,1.1,1.1,3.4,200,6.4,200,89.0,66,1206,,,,,4.9,,,,,,984.7,1007.4,29.0,8.6,23.5,27.9,,,,,,,1.0,2243,908,,1248,1008.7,0618,1204,180,1250,0.7,2249,1006.4,1726,0602,21.3,,14.4,,,,,,,1.4
2026-07-23,211,인제,23.5,22.1,26.0,45.0,0.8,3.6,70,6.2,50,97.6,86,1303,,,,,4.8,,,,,,984.8,1007.7,28.3,8.6,23.1,26.0,,,,,,,15.1,1347,681,,1241,1009.2,2223,1106,50,1247,8.4,1415,1006.7,0413,2145,22.3,,14.4,,,,,,,0.0
2026-07-24,211,인제,25.2,21.3,31.2,0.1,0.8,2.8,180,6.2,230,87.0,62,1436,,,,,3.4,,,,,,987.3,1010.2,27.4,4.4,22.6,27.2,,,,,,,0.1,,723,,1103,1011.5,2306,1433,180,1447,0.1,,1008.7,1735,0434,20.8,,14.4,,,,,,,3.2
2026-07-25,211,인제,25.9,22.6,31.2,,0.8,3.0,200,6.7,180,85.6,60,1326,,,,,4.8,,,,,,988.0,1010.7,28.1,8.3,23.0,28.3,,,,,,,,,648,,1414,1011.7,0754,1308,200,1419,,,1009.2,1551,0107,22.4,,14.3,,,,,,,1.1
2026-07-26,211,인제,25.2,21.7,32.3,5.0,0.9,4.5,50,10.7,50,86.3,58,1407,,,,,3.4,,,,,,987.5,1010.3,27.2,5.6,22.4,28.2,,,,,,,5.0,848,795,,1606,1011.9,2255,1425,70,1618,2.8,927,1007.7,1519,2327,20.3,,14.3,,,,,,,4.6
2026-07-27,211,인제,24.3,21.3,30.9,18.6,0.9,5.5,230,15.1,270,88.3,62,1205,,,,,4.6,,,,,,989.0,1011.9,26.5,6.9,22.0,27.1,,,,,,,17.4,1329,785,,1333,1013.2,1337,1157,180,1339,8.1,1331,1010.6,1248,0107,20.2,,14.3,,,,,,,2.9
2026-07-28,211,인제,27.0,23.5,32.3,,1.5,3.7,200,7.0,160,80.9,55,1600,,,,,4.4,,,,,,989.2,1011.9,28.4,7.3,23.2,28.9,,,,,,,,,1264,,1446,1013.1,1040,1327,200,1408,,,1010.6,1704,0001,23.0,,14.3,,,,,,,3.9
2026-07-29,211,인제,27.9,24.2,32.3,,2.2,4.4,200,8.1,230,73.9,55,1519,,,,,3.1,,,,,,986.9,1009.5,27.2,3.1,22.5,30.0,,,,,,,,,1930,,1225,1012.1,0004,1551,200,1308,,,1006.9,1716,0004,23.2,,14.2,,,,,,,5.9
2026-07-30,211,인제,26.8,23.4,31.1,,1.7,3.4,200,6.6,200,77.0,61,1623,,,,,5.3,,,,,,985.7,1008.3,26.7,5.3,22.2,29.3,,,,,,,,,1482,,0233,1009.7,0750,1500,200,1446,,,1006.6,1754,2344,21.1,,14.2,,,,,,,1.5
2026-07-31,211,인제,27.7,23.1,31.4,,1.9,4.0,200,8.0,160,76.1,59,1424,,,,,4.3,,,,,,983.8,1006.3,27.9,5.3,22.9,32.0,,,,,,,,,1604,,1328,1008.4,0001,1357,200,1258,,,1004.2,1817,0117,21.4,,14.2,,,,,,,3.8
2026-08-01,211,인제,29.1,26.4,32.4,,2.3,3.6,200,8.1,200,72.8,60,1321,,,,,3.4,,,,,,983.3,1005.7,29.0,4.3,23.5,32.9,,,,,,,,,2029,,1603,1007.7,2330,1319,180,1607,,,1003.9,1655,0612,25.3,,14.1,,,,,,,4.3
2026-08-02,211,인제,28.1,23.9,33.9,,1.0,2.5,180,4.4,230,78.0,52,1422,,,,,0.0,,,,,,985.9,1008.5,28.9,0.0,23.4,34.9,,,,,,,,,841,,1509,1010.1,2338,1542,200,1130,,,1006.5,1559,0532,21.7,,14.1,,,,,,,7.8
2026-08-03,211,인제,28.7,24.0,35.9,,1.3,4.0,20,8.5,50,75.6,46,1238,,,,,0.0,,,,,,988.3,1010.8,28.9,1.0,23.5,35.8,,,,,,,,,1152,,1552,1012.2,2149,1515,20,1703,,,1008.5,1535,0253,22.4,,14.1,,,,,,,8.2
2026-08-04,211,인제,28.7,23.7,35.4,,1.6,4.3,20,7.7,50,74.9,47,1402,,,,,0.1,,,,,,988.3,1010.9,28.7,2.8,23.4,36.2,,,,,,,,,1345,,1638,1013.2,0619,1355,20,1639,,,1008.4,1606,0525,21.9,,14.0,,,,,,,10.5
2026-08-05,211,인제,28.5,23.5,36.8,,1.2,2.9,20,4.9,20,72.6,43,1536,,,,,0.1,,,,,,986.1,1008.7,27.4,0.8,22.6,36.8,,,,,,,,,1044,,1651,1011.3,0639,1552,360,1651,,,1005.6,1606,0549,22.1,,14.0,,,,,,,10.9
2026-08-06,211,인제,28.3,22.6,35.8,,1.5,3.1,20,6.1,20,70.8,40,1525,,,,,0.0,,,,,,984.2,1006.7,26.3,0.0,21.9,36.3,,,,,,,,,1338,,1601,1009.6,0537,1534,20,1622,,,1003.9,1614,0556,21.1,,14.0,,,,,,,10.8
2026-08-07,211,인제,28.3,21.8,36.2,,1.4,2.6,50,6.0,70,70.8,42,1629,,,,,0.0,,,,,,982.6,1005.1,26.4,0.0,21.9,36.5,,,,,,,,,1244,,2313,1007.3,0547,1539,50,2347,,,1002.0,1621,0543,20.1,,13.9,,,,,,,10.9
2026-08-08,211,인제,24.4,21.3,28.7,,4.1,7.2,20,13.2,20,72.5,61,1306,,,,,4.9,,,,,,987.0,1009.9,22.2,5.8,19.0,30.0,,,,,,,,,3562,,1419,1012.5,2316,0937,20,1323,,,1006.5,0116,2206,20.8,,13.9,,,,,,,2.1
2026-08-09,211,인제,23.0,20.6,26.0,,4.0,6.5,20,12.9,50,67.8,59,0236,,,,,4.8,,,,,,989.0,1012.0,19.0,6.5,16.6,29.4,,,,,,,,,3457,,0954,1013.6,2213,1237,50,1026,,,1011.1,1254,0640,19.1,,13.9,,,,,,,3.3
2026-08-10,211,인제,24.2,20.9,28.7,,2.2,4.5,20,8.7,20,73.4,58,1151,,,,,3.6,,,,,,989.5,1012.4,21.8,6.3,18.9,31.1,,,,,,,,,1914,,1319,1013.9,0705,1147,50,1359,,,1010.6,1548,2342,18.6,,13.8,,,,,,,6.4
2026-08-11,211,인제,22.6,19.0,27.0,,2.3,5.1,20,10.4,20,72.6,57,1048,,,,,6.4,,,,,,988.0,1011.0,19.7,6.6,17.3,26.9,,,,,,,,,1946,,1329,1012.9,0001,1047,20,1353,,,1009.5,1630,2340,15.3,,13.8,,,,,,,1.2
2026-08-12,211,인제,20.5,16.2,25.1,0.1,2.4,5.8,20,11.9,50,79.1,58,1007,,,,,4.5,,,,,,985.1,1008.3,18.9,6.0,16.6,27.2,,,,,,,0.1,2141,2106,,1348,1011.1,0001,1330,20,1154,0.1,2231,1006.9,1642,0413,12.0,,13.8,,,,,,,4.7
2026-08-13,211,인제,22.9,19.7,25.9,0.7,1.3,3.8,20,8.0,20,84.1,69,1128,,,,,5.5,,,,,,982.1,1005.0,23.3,6.9,19.9,28.7,,,,,,,0.4,428,1146,,1134,1007.1,0001,1455,50,1134,0.2,,1004.0,1452,0358,18.3,,13.7,,,,,,,0.5
2026-08-14,211,인제,23.9,21.5,28.0,,1.3,4.0,50,7.3,50,81.1,66,1553,,,,,6.4,,,,,,982.9,1005.8,23.8,9.3,20.3,28.9,,,,,,,,,1095,,1306,1007.5,2348,1248,50,1417,,,1004.6,0321,2236,20.1,,13.7,,,,,,,0.3
2026-08-15,211,인제,23.3,20.9,25.9,0.5,0.8,1.7,50,3.0,20,89.4,79,1207,,,,,5.5,,,,,,983.8,1006.7,25.5,9.5,21.4,25.7,,,,,,,0.3,709,696,,0400,1007.8,0905,1420,20,1511,0.2,,1005.3,1828,0309,19.9,,13.7,,,,,,,0.0
2026-08-16,211,인제,22.8,21.5,24.4,5.1,0.7,1.8,50,3.3,50,91.9,85,1108,,,,,5.9,,,,,,983.3,1006.2,25.4,8.9,21.3,24.8,,,,,,,2.9,428,601,,2227,1007.5,0824,1618,20,2251,0.9,434,1004.9,1538,0627,21.3,,13.6,,,,,,,0.0
2026-08-17,211,인제,23.4,21.3,27.5,64.1,1.0,3.1,290,12.8,270,89.4,69,1134,,,,,7.1,,,,,,983.3,1006.2,25.6,8.0,21.4,26.4,,,,,,,44.9,2031,869,,2006,1008.2,2149,1302,20,2011,10.8,2052,1005.0,1508,0540,20.7,,13.6,,,,,,,0.1
2026-08-18,211,인제,25.2,21.7,30.7,,1.0,3.1,200,6.8,180,81.1,53,1314,,,,,2.5,,,,,,986.8,1009.6,25.3,4.5,21.3,27.6,,,,,,,,,900,,1121,1012.6,2327,1534,180,0959,,,1007.5,0200,0001,19.5,,13.5,,,,,,,5.5
2026-08-19,211,인제,24.1,21.0,28.8,,1.0,2.6,200,4.8,110,82.0,58,1429,,,,,2.1,,,,,,990.5,1013.5,24.3,7.3,20.6,26.2,,,,,,,,,828,,1233,1015.3,2157,1425,180,0814,,,1012.1,1749,0304,18.8,,13.5,,,,,,,2.1
2026-08-20,211,인제,23.9,20.7,29.2,0.0,0.9,2.3,20,4.1,20,85.1,56,1301,,,,,4.3,,,,,,991.1,1014.1,25.0,9.3,21.0,25.6,,,,,,,0.0,,748,,0743,1015.6,0643,1223,20,0749,0.0,,1012.6,1622,0018,18.5,,13.5,,,,,,,0.7
2026-08-21,211,인제,23.7,21.7,27.1,0.3,0.8,2.0,20,3.5,20,88.3,74,1513,,,,,4.5,,,,,,989.6,1012.6,25.7,9.8,21.5,25.6,,,,,,,0.2,,680,,0708,1014.0,0828,1525,50,0716,0.1,,1010.3,1532,0559,21.1,,13.4,,,,,,,0.0
2026-08-22,211,인제,22.9,21.4,25.9,14.2,0.6,1.8,50,3.2,20,93.8,78,1010,,,,,3.0,,,,,,990.4,1013.5,26.0,8.3,21.7,25.1,,,,,,,9.8,1534,519,,0527,1014.7,2144,1044,360,0527,3.2,1604,1012.2,0345,2348,20.3,,13.4,,,,,,,0.1
2026-08-23,211,인제,25.5,20.8,31.8,,0.9,3.0,180,6.7,140,82.1,56,1441,,,,,1.3,,,,,,990.8,1013.7,26.1,2.5,21.8,28.9,,,,,,,,,777,,1456,1015.5,0953,1540,180,1410,,,1011.5,1628,0516,21.0,,13.4,,,,,,,7.0
2026-08-24,211,인제,27.4,22.8,32.7,,1.4,3.7,180,9.0,230,73.8,52,1506,,,,,1.9,,,,,,989.0,1011.6,26.4,4.3,21.9,31.3,,,,,,,,,1251,,2211,1014.2,0104,1506,200,2120,,,1008.5,1608,0023,20.7,,13.3,,,,,,,7.1
2026-08-25,211,인제,26.7,22.9,31.7,,1.4,3.2,200,6.7,200,77.0,55,1619,,,,,3.9,,,,,,988.0,1010.7,26.6,6.0,22.1,30.3,,,,,,,,,1181,,0522,1012.2,0942,1440,180,0651,,,1009.2,1723,2400,20.7,,13.3,,,,,,,3.5
2026-08-26,211,인제,25.1,22.1,31.3,,1.1,3.8,70,6.7,90,80.1,54,1409,,,,,3.3,,,,,,985.8,1008.6,25.3,8.8,21.2,29.4,,,,,,,,,915,,1647,1011.3,0007,1406,360,1654,,,1006.8,1554,2148,20.6,,13.2,,,,,,,1.6
2026-08-27,211,인제,25.7,21.2,31.8,,1.2,3.7,70,6.5,70,76.4,55,1419,,,,,5.4,,,,,,984.6,1007.3,24.8,8.1,20.9,31.8,,,,,,,,,1021,,1857,1009.5,2226,1427,180,1900,,,1004.5,1603,0540,20.5,,13.2,,,,,,,6.0
2026-08-28,211,인제,23.9,22.7,26.7,,1.3,2.6,70,6.0,50,76.8,62,1122,,,,,7.5,,,,,,986.6,1009.5,22.7,9.9,19.5,26.0,,,,,,,,,1085,,0113,1011.0,0930,1109,70,0117,,,1008.2,1854,2328,21.9,,13.2,,,,,,,0.0
2026-08-29,211,인제,23.3,21.3,27.8,0.4,0.7,2.4,50,4.4,50,88.0,70,1651,,,,,8.8,,,,,,984.1,1007.0,25.1,9.6,21.1,26.2,,,,,,,0.3,2312,598,,2106,1008.9,2227,1616,20,2107,0.2,2344,1005.1,1612,0449,21.3,,13.1,,,,,,,0.2
2026-08-30,211,인제,23.6,20.6,27.1,0.3,0.7,2.2,360,3.9,340,85.9,68,1605,,,,,2.9,,,,,,985.5,1008.4,24.8,10.0,20.9,26.3,,,,,,,0.3,2331,592,,1941,1009.7,0731,1604,180,1948,0.1,,1007.1,1548,0504,19.7,,13.1,,,,,,,0.3
2026-08-31,211,인제,22.3,21.1,24.0,28.3,0.8,2.0,50,3.4,70,95.0,89,0010,,,,,4.4,,,,,,986.7,1009.7,25.5,10.0,21.4,24.7,,,,,,,9.8,453,669,,0802,1011.8,2214,1412,20,0947,3.7,502,1008.1,0408,2348,20.5,,13.1,,,,,,,0.0
